,cell_id,order
0,SA532X2XB00147-A90679-R70-C21,650.0
1,SA532X2XB00147-A90679-R41-C59,877.0
2,SA532X2XB00147-A90679-R68-C21,133.0
3,SA532X2XB00147-A90679-R68-C20,216.0
4,SA532X2XB00147-A90679-R68-C23,684.0
5,SA532X2XB00147-A90679-R68-C22,136.0
6,SA532X2XB00147-A90679-R68-C25,997.0
7,SA532X2XB00147-A90679-R68-C24,231.0
8,SA532X2XB00147-A90679-R68-C26,1029.0
9,SA532X2XB00147-A90679-R05-C28,248.0
10,SA532X2XB00147-A90679-R70-C24,779.0
11,SA532X2XB00147-A90679-R68-C13,196.0
12,SA532X2XB00147-A90679-R23-C44,813.0
13,SA532X2XB00147-A90679-R05-C23,616.0
14,SA532X2XB00147-A90679-R70-C25,135.0
15,SA532X2XB00147-A90679-R23-C40,126.0
16,SA532X2XB00147-A90679-R05-C27,434.0
17,SA532X2XB00147-A90679-R23-C42,73.0
18,SA532X2XB00147-A90679-R60-C21,161.0
19,SA532X2XB00147-A90679-R60-C20,1023.0
20,SA532X2XB00147-A90679-R60-C23,162.0
21,SA532X2XB00147-A90679-R25-C70,81.0
22,SA532X2XB00147-A90679-R60-C25,642.0
23,SA532X2XB00147-A90679-R60-C24,172.0
24,SA532X2XB00147-A90679-R60-C26,777.0
25,SA532X2XB00147-A90679-R60-C11,474.0
26,SA532X2XB00147-A90679-R47-C32,503.0
27,SA532X2XB00147-A90679-R36-C59,186.0
28,SA532X2XB00147-A90679-R13-C32,155.0
29,SA532X2XB00147-A90679-R04-C05,120.0
30,SA532X2XB00147-A90679-R46-C33,857.0
31,SA532X2XB00147-A90679-R04-C07,242.0
32,SA532X2XB00147-A90679-R36-C52,138.0
33,SA532X2XB00147-A90679-R36-C55,871.0
34,SA532X2XB00147-A90679-R36-C54,898.0
35,SA532X2XB00147-A90679-R59-C47,894.0
36,SA532X2XB00147-A90679-R27-C43,93.0
37,SA532X2XB00147-A90679-R27-C45,82.0
38,SA532X2XB00147-A90679-R27-C46,447.0
39,SA532X2XB00147-A90679-R27-C47,754.0
40,SA532X2XB00147-A90679-R17-C65,583.0
41,SA532X2XB00147-A90679-R21-C40,654.0
42,SA532X2XB00147-A90679-R21-C46,463.0
43,SA532X2XB00147-A90679-R64-C51,337.0
44,SA532X2XB00147-A90679-R39-C67,29.0
45,SA532X2XB00147-A90679-R43-C36,761.0
46,SA532X2XB00147-A90679-R15-C45,628.0
47,SA532X2XB00147-A90679-R15-C44,629.0
48,SA532X2XB00147-A90679-R15-C43,593.0
49,SA532X2XB00147-A90679-R33-C70,543.0
50,SA532X2XB00147-A90679-R15-C40,489.0
51,SA532X2XB00147-A90679-R66-C14,1022.0
52,SA532X2XB00147-A90679-R08-C15,152.0
53,SA532X2XB00147-A90679-R13-C48,122.0
54,SA532X2XB00147-A90679-R41-C55,896.0
55,SA532X2XB00147-A90679-R65-C15,356.0
56,SA532X2XB00147-A90679-R68-C53,722.0
57,SA532X2XB00147-A90679-R40-C40,937.0
58,SA532X2XB00147-A90679-R37-C23,391.0
59,SA532X2XB00147-A90679-R71-C18,32.0
60,SA532X2XB00147-A90679-R71-C19,987.0
61,SA532X2XB00147-A90679-R71-C16,229.0
62,SA532X2XB00147-A90679-R70-C22,661.0
63,SA532X2XB00147-A90679-R71-C14,54.0
64,SA532X2XB00147-A90679-R71-C15,53.0
65,SA532X2XB00147-A90679-R71-C12,486.0
66,SA532X2XB00147-A90679-R68-C12,658.0
67,SA532X2XB00147-A90679-R71-C11,1024.0
68,SA532X2XB00147-A90679-R16-C39,589.0
69,SA532X2XB00147-A90679-R36-C12,103.0
70,SA532X2XB00147-A90679-R46-C30,689.0
71,SA532X2XB00147-A90679-R07-C19,181.0
72,SA532X2XB00147-A90679-R59-C49,909.0
73,SA532X2XB00147-A90679-R69-C48,357.0
74,SA532X2XB00147-A90679-R69-C49,408.0
75,SA532X2XB00147-A90679-R07-C14,140.0
76,SA532X2XB00147-A90679-R07-C16,402.0
77,SA532X2XB00147-A90679-R07-C10,256.0
78,SA532X2XB00147-A90679-R07-C68,144.0
79,SA532X2XB00147-A90679-R65-C50,273.0
80,SA532X2XB00147-A90679-R65-C53,450.0
81,SA532X2XB00147-A90679-R65-C52,263.0
82,SA532X2XB00147-A90679-R65-C55,311.0
83,SA532X2XB00147-A90679-R65-C54,347.0
84,SA532X2XB00147-A90679-R65-C57,314.0
85,SA532X2XB00147-A90679-R65-C56,324.0
86,SA532X2XB00147-A90679-R42-C50,344.0
87,SA532X2XB00147-A90679-R65-C58,312.0
88,SA532X2XB00147-A90679-R68-C17,187.0
89,SA532X2XB00147-A90679-R68-C18,739.0
90,SA532X2XB00147-A90679-R07-C66,989.0
91,SA532X2XB00147-A90679-R42-C57,1014.0
92,SA532X2XB00147-A90679-R27-C35,566.0
93,SA532X2XB00147-A90679-R27-C34,849.0
94,SA532X2XB00147-A90679-R10-C68,47.0
95,SA532X2XB00147-A90679-R27-C30,567.0
96,SA532X2XB00147-A90679-R33-C01,641.0
97,SA532X2XB00147-A90679-R43-C67,449.0
98,SA532X2XB00147-A90679-R41-C20,58.0
99,SA532X2XB00147-A90679-R10-C60,436.0
100,SA532X2XB00147-A90679-R44-C22,66.0
101,SA532X2XB00147-A90679-R33-C08,706.0
102,SA532X2XB00147-A90679-R60-C16,34.0
103,SA532X2XB00147-A90679-R62-C18,410.0
104,SA532X2XB00147-A90679-R38-C54,746.0
105,SA532X2XB00147-A90679-R48-C70,343.0
106,SA532X2XB00147-A90679-R62-C13,199.0
107,SA532X2XB00147-A90679-R68-C19,659.0
108,SA532X2XB00147-A90679-R62-C11,988.0
109,SA532X2XB00147-A90679-R62-C16,259.0
110,SA532X2XB00147-A90679-R62-C17,775.0
111,SA532X2XB00147-A90679-R62-C14,778.0
112,SA532X2XB00147-A90679-R62-C15,355.0
113,SA532X2XB00147-A90679-R46-C06,265.0
114,SA532X2XB00147-A90679-R60-C22,660.0
115,SA532X2XB00147-A90679-R64-C60,331.0
116,SA532X2XB00147-A90679-R32-C20,211.0
117,SA532X2XB00147-A90679-R32-C21,146.0
118,SA532X2XB00147-A90679-R63-C60,361.0
119,SA532X2XB00147-A90679-R32-C23,104.0
120,SA532X2XB00147-A90679-R06-C29,209.0
121,SA532X2XB00147-A90679-R06-C28,409.0
122,SA532X2XB00147-A90679-R32-C26,674.0
123,SA532X2XB00147-A90679-R32-C27,799.0
124,SA532X2XB00147-A90679-R43-C15,524.0
125,SA532X2XB00147-A90679-R06-C51,19.0
126,SA532X2XB00147-A90679-R70-C15,440.0
127,SA532X2XB00147-A90679-R29-C30,741.0
128,SA532X2XB00147-A90679-R70-C13,198.0
129,SA532X2XB00147-A90679-R34-C41,541.0
130,SA532X2XB00147-A90679-R43-C13,24.0
131,SA532X2XB00147-A90679-R19-C71,748.0
132,SA532X2XB00147-A90679-R41-C37,309.0
133,SA532X2XB00147-A90679-R64-C52,360.0
134,SA532X2XB00147-A90679-R70-C18,15.0
135,SA532X2XB00147-A90679-R64-C47,399.0
136,SA532X2XB00147-A90679-R09-C29,31.0
137,SA532X2XB00147-A90679-R35-C52,139.0
138,SA532X2XB00147-A90679-R64-C49,5.0
139,SA532X2XB00147-A90679-R09-C21,635.0
140,SA532X2XB00147-A90679-R32-C59,883.0
141,SA532X2XB00147-A90679-R69-C21,76.0
142,SA532X2XB00147-A90679-R66-C23,683.0
143,SA532X2XB00147-A90679-R66-C22,203.0
144,SA532X2XB00147-A90679-R66-C21,147.0
145,SA532X2XB00147-A90679-R66-C20,88.0
146,SA532X2XB00147-A90679-R66-C26,1001.0
147,SA532X2XB00147-A90679-R66-C25,1030.0
148,SA532X2XB00147-A90679-R66-C24,124.0
149,SA532X2XB00147-A90679-R44-C49,984.0
150,SA532X2XB00147-A90679-R36-C64,1031.0
151,SA532X2XB00147-A90679-R37-C36,719.0
152,SA532X2XB00147-A90679-R23-C09,951.0
153,SA532X2XB00147-A90679-R46-C27,872.0
154,SA532X2XB00147-A90679-R37-C32,913.0
155,SA532X2XB00147-A90679-R14-C29,604.0
156,SA532X2XB00147-A90679-R37-C30,221.0
157,SA532X2XB00147-A90679-R42-C35,525.0
158,SA532X2XB00147-A90679-R33-C54,479.0
159,SA532X2XB00147-A90679-R70-C11,480.0
160,SA532X2XB00147-A90679-R12-C26,95.0
161,SA532X2XB00147-A90679-R12-C27,72.0
162,SA532X2XB00147-A90679-R67-C16,783.0
163,SA532X2XB00147-A90679-R25-C33,569.0
164,SA532X2XB00147-A90679-R12-C23,750.0
165,SA532X2XB00147-A90679-R12-C20,44.0
166,SA532X2XB00147-A90679-R66-C48,762.0
167,SA532X2XB00147-A90679-R22-C23,809.0
168,SA532X2XB00147-A90679-R48-C04,271.0
169,SA532X2XB00147-A90679-R31-C32,555.0
170,SA532X2XB00147-A90679-R22-C20,668.0
171,SA532X2XB00147-A90679-R22-C27,430.0
172,SA532X2XB00147-A90679-R22-C25,464.0
173,SA532X2XB00147-A90679-R22-C24,749.0
174,SA532X2XB00147-A90679-R33-C55,175.0
175,SA532X2XB00147-A90679-R23-C71,571.0
176,SA532X2XB00147-A90679-R05-C56,646.0
177,SA532X2XB00147-A90679-R62-C52,964.0
178,SA532X2XB00147-A90679-R05-C59,666.0
179,SA532X2XB00147-A90679-R05-C58,740.0
180,SA532X2XB00147-A90679-R41-C25,275.0
181,SA532X2XB00147-A90679-R47-C37,373.0
182,SA532X2XB00147-A90679-R67-C11,52.0
183,SA532X2XB00147-A90679-R47-C33,502.0
184,SA532X2XB00147-A90679-R30-C68,560.0
185,SA532X2XB00147-A90679-R47-C30,504.0
186,SA532X2XB00147-A90679-R03-C46,834.0
187,SA532X2XB00147-A90679-R31-C49,551.0
188,SA532X2XB00147-A90679-R31-C48,552.0
189,SA532X2XB00147-A90679-R39-C64,367.0
190,SA532X2XB00147-A90679-R46-C05,505.0
191,SA532X2XB00147-A90679-R46-C49,334.0
192,SA532X2XB00147-A90679-R46-C48,702.0
193,SA532X2XB00147-A90679-R31-C41,553.0
194,SA532X2XB00147-A90679-R36-C08,667.0
195,SA532X2XB00147-A90679-R59-C48,885.0
196,SA532X2XB00147-A90679-R13-C08,605.0
197,SA532X2XB00147-A90679-R32-C49,237.0
198,SA532X2XB00147-A90679-R02-C57,890.0
199,SA532X2XB00147-A90679-R41-C15,530.0
200,SA532X2XB00147-A90679-R30-C17,469.0
201,SA532X2XB00147-A90679-R65-C49,688.0
202,SA532X2XB00147-A90679-R69-C54,419.0
203,SA532X2XB00147-A90679-R42-C63,718.0
204,SA532X2XB00147-A90679-R32-C01,966.0
205,SA532X2XB00147-A90679-R07-C55,904.0
206,SA532X2XB00147-A90679-R07-C54,915.0
207,SA532X2XB00147-A90679-R07-C59,949.0
208,SA532X2XB00147-A90679-R69-C26,831.0
209,SA532X2XB00147-A90679-R10-C19,174.0
210,SA532X2XB00147-A90679-R70-C61,376.0
211,SA532X2XB00147-A90679-R10-C18,819.0
212,SA532X2XB00147-A90679-R11-C10,609.0
213,SA532X2XB00147-A90679-R15-C17,596.0
214,SA532X2XB00147-A90679-R12-C37,897.0
215,SA532X2XB00147-A90679-R17-C36,35.0
216,SA532X2XB00147-A90679-R17-C37,461.0
217,SA532X2XB00147-A90679-R17-C30,992.0
218,SA532X2XB00147-A90679-R17-C33,981.0
219,SA532X2XB00147-A90679-R10-C28,887.0
220,SA532X2XB00147-A90679-R33-C14,149.0
221,SA532X2XB00147-A90679-R17-C39,584.0
222,SA532X2XB00147-A90679-R67-C48,333.0
223,SA532X2XB00147-A90679-R29-C16,168.0
224,SA532X2XB00147-A90679-R40-C17,421.0
225,SA532X2XB00147-A90679-R67-C15,177.0
226,SA532X2XB00147-A90679-R62-C47,952.0
227,SA532X2XB00147-A90679-R25-C02,971.0
228,SA532X2XB00147-A90679-R61-C26,653.0
229,SA532X2XB00147-A90679-R35-C23,92.0
230,SA532X2XB00147-A90679-R68-C16,192.0
231,SA532X2XB00147-A90679-R67-C49,288.0
232,SA532X2XB00147-A90679-R10-C54,826.0
233,SA532X2XB00147-A90679-R10-C57,159.0
234,SA532X2XB00147-A90679-R31-C24,557.0
235,SA532X2XB00147-A90679-R10-C50,428.0
236,SA532X2XB00147-A90679-R10-C52,78.0
237,SA532X2XB00147-A90679-R28-C45,563.0
238,SA532X2XB00147-A90679-R10-C58,847.0
239,SA532X2XB00147-A90679-R28-C41,564.0
240,SA532X2XB00147-A90679-R26-C30,422.0
241,SA532X2XB00147-A90679-R19-C38,28.0
242,SA532X2XB00147-A90679-R46-C28,690.0
243,SA532X2XB00147-A90679-R26-C34,793.0
244,SA532X2XB00147-A90679-R26-C35,224.0
245,SA532X2XB00147-A90679-R45-C28,389.0
246,SA532X2XB00147-A90679-R26-C37,1016.0
247,SA532X2XB00147-A90679-R19-C32,922.0
248,SA532X2XB00147-A90679-R26-C39,452.0
249,SA532X2XB00147-A90679-R19-C30,973.0
250,SA532X2XB00147-A90679-R31-C20,558.0
251,SA532X2XB00147-A90679-R19-C36,443.0
252,SA532X2XB00147-A90679-R19-C37,651.0
253,SA532X2XB00147-A90679-R33-C52,807.0
254,SA532X2XB00147-A90679-R19-C35,728.0
255,SA532X2XB00147-A90679-R63-C13,499.0
256,SA532X2XB00147-A90679-R63-C12,873.0
257,SA532X2XB00147-A90679-R63-C11,500.0
258,SA532X2XB00147-A90679-R63-C17,352.0
259,SA532X2XB00147-A90679-R63-C16,238.0
260,SA532X2XB00147-A90679-R32-C17,1026.0
261,SA532X2XB00147-A90679-R63-C14,459.0
262,SA532X2XB00147-A90679-R22-C65,656.0
263,SA532X2XB00147-A90679-R63-C18,441.0
264,SA532X2XB00147-A90679-R38-C01,302.0
265,SA532X2XB00147-A90679-R65-C60,308.0
266,SA532X2XB00147-A90679-R24-C54,841.0
267,SA532X2XB00147-A90679-R02-C33,179.0
268,SA532X2XB00147-A90679-R24-C50,10.0
269,SA532X2XB00147-A90679-R18-C39,581.0
270,SA532X2XB00147-A90679-R18-C33,27.0
271,SA532X2XB00147-A90679-R66-C62,944.0
272,SA532X2XB00147-A90679-R66-C61,713.0
273,SA532X2XB00147-A90679-R66-C60,697.0
274,SA532X2XB00147-A90679-R06-C69,633.0
275,SA532X2XB00147-A90679-R26-C44,102.0
276,SA532X2XB00147-A90679-R26-C41,8.0
277,SA532X2XB00147-A90679-R35-C26,756.0
278,SA532X2XB00147-A90679-R26-C43,810.0
279,SA532X2XB00147-A90679-R35-C28,755.0
280,SA532X2XB00147-A90679-R26-C48,852.0
281,SA532X2XB00147-A90679-R06-C67,972.0
282,SA532X2XB00147-A90679-R34-C72,851.0
283,SA532X2XB00147-A90679-R48-C41,286.0
284,SA532X2XB00147-A90679-R48-C40,961.0
285,SA532X2XB00147-A90679-R62-C61,717.0
286,SA532X2XB00147-A90679-R62-C60,946.0
287,SA532X2XB00147-A90679-R64-C18,205.0
288,SA532X2XB00147-A90679-R64-C19,785.0
289,SA532X2XB00147-A90679-R48-C47,165.0
290,SA532X2XB00147-A90679-R64-C14,191.0
291,SA532X2XB00147-A90679-R48-C48,709.0
292,SA532X2XB00147-A90679-R64-C16,914.0
293,SA532X2XB00147-A90679-R35-C65,431.0
294,SA532X2XB00147-A90679-R64-C11,498.0
295,SA532X2XB00147-A90679-R64-C12,998.0
296,SA532X2XB00147-A90679-R64-C13,201.0
297,SA532X2XB00147-A90679-R60-C18,458.0
298,SA532X2XB00147-A90679-R38-C21,696.0
299,SA532X2XB00147-A90679-R61-C60,295.0
300,SA532X2XB00147-A90679-R30-C52,26.0
301,SA532X2XB00147-A90679-R61-C62,800.0
302,SA532X2XB00147-A90679-R23-C39,167.0
303,SA532X2XB00147-A90679-R13-C46,804.0
304,SA532X2XB00147-A90679-R14-C18,21.0
305,SA532X2XB00147-A90679-R05-C10,217.0
306,SA532X2XB00147-A90679-R67-C14,252.0
307,SA532X2XB00147-A90679-R44-C39,307.0
308,SA532X2XB00147-A90679-R14-C10,105.0
309,SA532X2XB00147-A90679-R14-C12,652.0
310,SA532X2XB00147-A90679-R71-C26,491.0
311,SA532X2XB00147-A90679-R63-C56,927.0
312,SA532X2XB00147-A90679-R14-C61,600.0
313,SA532X2XB00147-A90679-R14-C62,599.0
314,SA532X2XB00147-A90679-R62-C48,2.0
315,SA532X2XB00147-A90679-R39-C27,535.0
316,SA532X2XB00147-A90679-R39-C26,854.0
317,SA532X2XB00147-A90679-R36-C48,69.0
318,SA532X2XB00147-A90679-R39-C24,953.0
319,SA532X2XB00147-A90679-R25-C68,1007.0
320,SA532X2XB00147-A90679-R25-C69,812.0
321,SA532X2XB00147-A90679-R39-C21,891.0
322,SA532X2XB00147-A90679-R43-C42,293.0
323,SA532X2XB00147-A90679-R25-C65,977.0
324,SA532X2XB00147-A90679-R36-C40,735.0
325,SA532X2XB00147-A90679-R25-C67,258.0
326,SA532X2XB00147-A90679-R03-C06,150.0
327,SA532X2XB00147-A90679-R25-C61,637.0
328,SA532X2XB00147-A90679-R04-C10,397.0
329,SA532X2XB00147-A90679-R04-C11,68.0
330,SA532X2XB00147-A90679-R34-C01,840.0
331,SA532X2XB00147-A90679-R47-C60,316.0
332,SA532X2XB00147-A90679-R47-C61,699.0
333,SA532X2XB00147-A90679-R46-C10,725.0
334,SA532X2XB00147-A90679-R34-C63,893.0
335,SA532X2XB00147-A90679-R11-C20,59.0
336,SA532X2XB00147-A90679-R15-C27,197.0
337,SA532X2XB00147-A90679-R67-C47,970.0
338,SA532X2XB00147-A90679-R11-C25,835.0
339,SA532X2XB00147-A90679-R11-C26,753.0
340,SA532X2XB00147-A90679-R11-C29,412.0
341,SA532X2XB00147-A90679-R11-C28,792.0
342,SA532X2XB00147-A90679-R71-C24,959.0
343,SA532X2XB00147-A90679-R41-C44,529.0
344,SA532X2XB00147-A90679-R15-C52,592.0
345,SA532X2XB00147-A90679-R13-C55,730.0
346,SA532X2XB00147-A90679-R13-C50,878.0
347,SA532X2XB00147-A90679-R15-C57,980.0
348,SA532X2XB00147-A90679-R13-C58,437.0
349,SA532X2XB00147-A90679-R40-C59,769.0
350,SA532X2XB00147-A90679-R40-C53,1010.0
351,SA532X2XB00147-A90679-R63-C58,708.0
352,SA532X2XB00147-A90679-R68-C56,327.0
353,SA532X2XB00147-A90679-R34-C30,188.0
354,SA532X2XB00147-A90679-R71-C23,454.0
355,SA532X2XB00147-A90679-R71-C22,493.0
356,SA532X2XB00147-A90679-R71-C21,921.0
357,SA532X2XB00147-A90679-R60-C47,924.0
358,SA532X2XB00147-A90679-R33-C67,545.0
359,SA532X2XB00147-A90679-R71-C25,978.0
360,SA532X2XB00147-A90679-R68-C51,940.0
361,SA532X2XB00147-A90679-R64-C61,329.0
362,SA532X2XB00147-A90679-R34-C32,901.0
363,SA532X2XB00147-A90679-R59-C56,764.0
364,SA532X2XB00147-A90679-R42-C37,353.0
365,SA532X2XB00147-A90679-R07-C05,1015.0
366,SA532X2XB00147-A90679-R28-C18,565.0
367,SA532X2XB00147-A90679-R67-C12,206.0
368,SA532X2XB00147-A90679-R65-C47,889.0
369,SA532X2XB00147-A90679-R71-C20,494.0
370,SA532X2XB00147-A90679-R65-C48,620.0
371,SA532X2XB00147-A90679-R33-C62,432.0
372,SA532X2XB00147-A90679-R27-C26,844.0
373,SA532X2XB00147-A90679-R27-C27,879.0
374,SA532X2XB00147-A90679-R27-C25,848.0
375,SA532X2XB00147-A90679-R27-C22,457.0
376,SA532X2XB00147-A90679-R27-C23,846.0
377,SA532X2XB00147-A90679-R27-C20,401.0
378,SA532X2XB00147-A90679-R27-C21,218.0
379,SA532X2XB00147-A90679-R33-C18,426.0
380,SA532X2XB00147-A90679-R33-C19,814.0
381,SA532X2XB00147-A90679-R10-C14,610.0
382,SA532X2XB00147-A90679-R27-C28,861.0
383,SA532X2XB00147-A90679-R17-C02,587.0
384,SA532X2XB00147-A90679-R62-C26,788.0
385,SA532X2XB00147-A90679-R62-C25,89.0
386,SA532X2XB00147-A90679-R62-C24,160.0
387,SA532X2XB00147-A90679-R62-C23,97.0
388,SA532X2XB00147-A90679-R62-C22,772.0
389,SA532X2XB00147-A90679-R62-C21,158.0
390,SA532X2XB00147-A90679-R62-C20,1002.0
391,SA532X2XB00147-A90679-R60-C60,962.0
392,SA532X2XB00147-A90679-R63-C57,837.0
393,SA532X2XB00147-A90679-R06-C37,142.0
394,SA532X2XB00147-A90679-R63-C55,289.0
395,SA532X2XB00147-A90679-R06-C35,70.0
396,SA532X2XB00147-A90679-R63-C53,340.0
397,SA532X2XB00147-A90679-R06-C33,824.0
398,SA532X2XB00147-A90679-R63-C51,348.0
399,SA532X2XB00147-A90679-R63-C50,939.0
400,SA532X2XB00147-A90679-R67-C18,195.0
401,SA532X2XB00147-A90679-R63-C59,305.0
402,SA532X2XB00147-A90679-R06-C39,50.0
403,SA532X2XB00147-A90679-R33-C64,643.0
404,SA532X2XB00147-A90679-R08-C03,30.0
405,SA532X2XB00147-A90679-R33-C66,482.0
406,SA532X2XB00147-A90679-R20-C43,61.0
407,SA532X2XB00147-A90679-R34-C34,87.0
408,SA532X2XB00147-A90679-R34-C37,867.0
409,SA532X2XB00147-A90679-R20-C40,576.0
410,SA532X2XB00147-A90679-R44-C44,520.0
411,SA532X2XB00147-A90679-R45-C71,506.0
412,SA532X2XB00147-A90679-R44-C41,701.0
413,SA532X2XB00147-A90679-R33-C68,544.0
414,SA532X2XB00147-A90679-R44-C43,724.0
415,SA532X2XB00147-A90679-R64-C50,268.0
416,SA532X2XB00147-A90679-R26-C08,226.0
417,SA532X2XB00147-A90679-R09-C19,611.0
418,SA532X2XB00147-A90679-R64-C53,621.0
419,SA532X2XB00147-A90679-R29-C28,246.0
420,SA532X2XB00147-A90679-R64-C55,321.0
421,SA532X2XB00147-A90679-R64-C56,941.0
422,SA532X2XB00147-A90679-R64-C57,866.0
423,SA532X2XB00147-A90679-R26-C01,1027.0
424,SA532X2XB00147-A90679-R64-C54,272.0
425,SA532X2XB00147-A90679-R29-C27,823.0
426,SA532X2XB00147-A90679-R26-C05,232.0
427,SA532X2XB00147-A90679-R26-C04,568.0
428,SA532X2XB00147-A90679-R26-C06,742.0
429,SA532X2XB00147-A90679-R18-C64,578.0
430,SA532X2XB00147-A90679-R60-C54,839.0
431,SA532X2XB00147-A90679-R61-C22,773.0
432,SA532X2XB00147-A90679-R61-C23,681.0
433,SA532X2XB00147-A90679-R61-C24,98.0
434,SA532X2XB00147-A90679-R61-C25,680.0
435,SA532X2XB00147-A90679-R32-C48,794.0
436,SA532X2XB00147-A90679-R18-C63,626.0
437,SA532X2XB00147-A90679-R32-C46,968.0
438,SA532X2XB00147-A90679-R61-C15,670.0
439,SA532X2XB00147-A90679-R18-C68,577.0
440,SA532X2XB00147-A90679-R71-C13,485.0
441,SA532X2XB00147-A90679-R29-C24,993.0
442,SA532X2XB00147-A90679-R02-C48,466.0
443,SA532X2XB00147-A90679-R60-C17,427.0
444,SA532X2XB00147-A90679-R64-C59,836.0
445,SA532X2XB00147-A90679-R46-C24,768.0
446,SA532X2XB00147-A90679-R02-C45,979.0
447,SA532X2XB00147-A90679-R60-C51,963.0
448,SA532X2XB00147-A90679-R64-C25,771.0
449,SA532X2XB00147-A90679-R64-C24,1003.0
450,SA532X2XB00147-A90679-R64-C26,116.0
451,SA532X2XB00147-A90679-R64-C21,156.0
452,SA532X2XB00147-A90679-R60-C52,726.0
453,SA532X2XB00147-A90679-R64-C23,113.0
454,SA532X2XB00147-A90679-R64-C22,1004.0
455,SA532X2XB00147-A90679-R09-C17,991.0
456,SA532X2XB00147-A90679-R28-C48,64.0
457,SA532X2XB00147-A90679-R34-C36,829.0
458,SA532X2XB00147-A90679-R29-C21,210.0
459,SA532X2XB00147-A90679-R38-C37,363.0
460,SA532X2XB00147-A90679-R25-C23,806.0
461,SA532X2XB00147-A90679-R12-C17,976.0
462,SA532X2XB00147-A90679-R22-C32,671.0
463,SA532X2XB00147-A90679-R42-C29,526.0
464,SA532X2XB00147-A90679-R12-C19,43.0
465,SA532X2XB00147-A90679-R46-C18,22.0
466,SA532X2XB00147-A90679-R38-C39,721.0
467,SA532X2XB00147-A90679-R48-C10,267.0
468,SA532X2XB00147-A90679-R61-C20,157.0
469,SA532X2XB00147-A90679-R39-C37,947.0
470,SA532X2XB00147-A90679-R61-C21,679.0
471,SA532X2XB00147-A90679-R23-C69,625.0
472,SA532X2XB00147-A90679-R40-C02,164.0
473,SA532X2XB00147-A90679-R67-C62,884.0
474,SA532X2XB00147-A90679-R67-C60,930.0
475,SA532X2XB00147-A90679-R42-C24,757.0
476,SA532X2XB00147-A90679-R47-C21,895.0
477,SA532X2XB00147-A90679-R67-C58,299.0
478,SA532X2XB00147-A90679-R25-C55,173.0
479,SA532X2XB00147-A90679-R25-C54,456.0
480,SA532X2XB00147-A90679-R59-C52,1033.0
481,SA532X2XB00147-A90679-R59-C53,1032.0
482,SA532X2XB00147-A90679-R36-C37,33.0
483,SA532X2XB00147-A90679-R59-C55,926.0
484,SA532X2XB00147-A90679-R36-C35,538.0
485,SA532X2XB00147-A90679-R25-C52,805.0
486,SA532X2XB00147-A90679-R59-C58,445.0
487,SA532X2XB00147-A90679-R31-C57,63.0
488,SA532X2XB00147-A90679-R31-C54,549.0
489,SA532X2XB00147-A90679-R31-C55,548.0
490,SA532X2XB00147-A90679-R25-C59,863.0
491,SA532X2XB00147-A90679-R42-C20,687.0
492,SA532X2XB00147-A90679-R61-C55,220.0
493,SA532X2XB00147-A90679-R30-C05,241.0
494,SA532X2XB00147-A90679-R13-C18,737.0
495,SA532X2XB00147-A90679-R61-C56,1013.0
496,SA532X2XB00147-A90679-R61-C51,874.0
497,SA532X2XB00147-A90679-R61-C50,868.0
498,SA532X2XB00147-A90679-R61-C53,476.0
499,SA532X2XB00147-A90679-R30-C03,119.0
500,SA532X2XB00147-A90679-R13-C13,994.0
501,SA532X2XB00147-A90679-R68-C49,336.0
502,SA532X2XB00147-A90679-R13-C11,731.0
503,SA532X2XB00147-A90679-R46-C50,325.0
504,SA532X2XB00147-A90679-R61-C58,934.0
505,SA532X2XB00147-A90679-R46-C52,698.0
506,SA532X2XB00147-A90679-R13-C15,208.0
507,SA532X2XB00147-A90679-R65-C51,339.0
508,SA532X2XB00147-A90679-R27-C68,795.0
509,SA532X2XB00147-A90679-R27-C64,899.0
510,SA532X2XB00147-A90679-R07-C43,435.0
511,SA532X2XB00147-A90679-R42-C70,622.0
512,SA532X2XB00147-A90679-R21-C27,736.0
513,SA532X2XB00147-A90679-R07-C46,613.0
514,SA532X2XB00147-A90679-R21-C21,207.0
515,SA532X2XB00147-A90679-R08-C31,678.0
516,SA532X2XB00147-A90679-R33-C56,967.0
517,SA532X2XB00147-A90679-R40-C23,369.0
518,SA532X2XB00147-A90679-R40-C22,801.0
519,SA532X2XB00147-A90679-R36-C27,414.0
520,SA532X2XB00147-A90679-R40-C27,281.0
521,SA532X2XB00147-A90679-R40-C26,694.0
522,SA532X2XB00147-A90679-R40-C28,282.0
523,SA532X2XB00147-A90679-R34-C05,542.0
524,SA532X2XB00147-A90679-R65-C59,933.0
525,SA532X2XB00147-A90679-R69-C12,789.0
526,SA532X2XB00147-A90679-R34-C06,178.0
527,SA532X2XB00147-A90679-R34-C59,1020.0
528,SA532X2XB00147-A90679-R45-C21,958.0
529,SA532X2XB00147-A90679-R69-C14,822.0
530,SA532X2XB00147-A90679-R42-C12,729.0
531,SA532X2XB00147-A90679-R09-C54,23.0
532,SA532X2XB00147-A90679-R69-C19,682.0
533,SA532X2XB00147-A90679-R69-C18,215.0
534,SA532X2XB00147-A90679-R63-C54,705.0
535,SA532X2XB00147-A90679-R10-C46,84.0
536,SA532X2XB00147-A90679-R43-C60,276.0
537,SA532X2XB00147-A90679-R69-C47,45.0
538,SA532X2XB00147-A90679-R63-C15,7.0
539,SA532X2XB00147-A90679-R44-C07,4.0
540,SA532X2XB00147-A90679-R33-C06,143.0
541,SA532X2XB00147-A90679-R44-C08,802.0
542,SA532X2XB00147-A90679-R28-C52,57.0
543,SA532X2XB00147-A90679-R10-C48,465.0
544,SA532X2XB00147-A90679-R66-C13,384.0
545,SA532X2XB00147-A90679-R19-C06,733.0
546,SA532X2XB00147-A90679-R45-C18,513.0
547,SA532X2XB00147-A90679-R33-C21,99.0
548,SA532X2XB00147-A90679-R43-C40,62.0
549,SA532X2XB00147-A90679-R45-C10,514.0
550,SA532X2XB00147-A90679-R33-C24,416.0
551,SA532X2XB00147-A90679-R12-C54,13.0
552,SA532X2XB00147-A90679-R22-C72,786.0
553,SA532X2XB00147-A90679-R36-C70,415.0
554,SA532X2XB00147-A90679-R18-C29,41.0
555,SA532X2XB00147-A90679-R63-C52,374.0
556,SA532X2XB00147-A90679-R24-C24,71.0
557,SA532X2XB00147-A90679-R71-C17,46.0
558,SA532X2XB00147-A90679-R24-C28,860.0
559,SA532X2XB00147-A90679-R18-C26,969.0
560,SA532X2XB00147-A90679-R64-C20,830.0
561,SA532X2XB00147-A90679-R26-C57,118.0
562,SA532X2XB00147-A90679-R26-C54,910.0
563,SA532X2XB00147-A90679-R26-C55,657.0
564,SA532X2XB00147-A90679-R20-C18,477.0
565,SA532X2XB00147-A90679-R26-C50,862.0
566,SA532X2XB00147-A90679-R27-C39,638.0
567,SA532X2XB00147-A90679-R69-C11,65.0
568,SA532X2XB00147-A90679-R34-C65,255.0
569,SA532X2XB00147-A90679-R20-C10,212.0
570,SA532X2XB00147-A90679-R08-C53,413.0
571,SA532X2XB00147-A90679-R26-C59,251.0
572,SA532X2XB00147-A90679-R64-C58,318.0
573,SA532X2XB00147-A90679-R48-C55,296.0
574,SA532X2XB00147-A90679-R35-C34,1028.0
575,SA532X2XB00147-A90679-R35-C35,492.0
576,SA532X2XB00147-A90679-R64-C62,292.0
577,SA532X2XB00147-A90679-R69-C53,429.0
578,SA532X2XB00147-A90679-R61-C19,995.0
579,SA532X2XB00147-A90679-R61-C18,784.0
580,SA532X2XB00147-A90679-R61-C11,501.0
581,SA532X2XB00147-A90679-R30-C41,562.0
582,SA532X2XB00147-A90679-R61-C13,673.0
583,SA532X2XB00147-A90679-R61-C12,818.0
584,SA532X2XB00147-A90679-R30-C44,561.0
585,SA532X2XB00147-A90679-R61-C14,141.0
586,SA532X2XB00147-A90679-R61-C17,261.0
587,SA532X2XB00147-A90679-R61-C16,111.0
588,SA532X2XB00147-A90679-R62-C19,663.0
589,SA532X2XB00147-A90679-R14-C04,1008.0
590,SA532X2XB00147-A90679-R37-C47,294.0
591,SA532X2XB00147-A90679-R31-C18,559.0
592,SA532X2XB00147-A90679-R37-C42,711.0
593,SA532X2XB00147-A90679-R64-C48,341.0
594,SA532X2XB00147-A90679-R25-C19,787.0
595,SA532X2XB00147-A90679-R62-C12,193.0
596,SA532X2XB00147-A90679-R39-C32,534.0
597,SA532X2XB00147-A90679-R39-C33,533.0
598,SA532X2XB00147-A90679-R03-C32,182.0
599,SA532X2XB00147-A90679-R03-C31,235.0
600,SA532X2XB00147-A90679-R03-C30,780.0
601,SA532X2XB00147-A90679-R22-C05,990.0
602,SA532X2XB00147-A90679-R22-C07,574.0
603,SA532X2XB00147-A90679-R22-C06,908.0
604,SA532X2XB00147-A90679-R47-C11,371.0
605,SA532X2XB00147-A90679-R26-C45,672.0
606,SA532X2XB00147-A90679-R63-C19,117.0
607,SA532X2XB00147-A90679-R47-C14,758.0
608,SA532X2XB00147-A90679-R67-C50,803.0
609,SA532X2XB00147-A90679-R47-C19,40.0
610,SA532X2XB00147-A90679-R15-C36,444.0
611,SA532X2XB00147-A90679-R15-C37,594.0
612,SA532X2XB00147-A90679-R11-C31,986.0
613,SA532X2XB00147-A90679-R15-C32,619.0
614,SA532X2XB00147-A90679-R15-C33,468.0
615,SA532X2XB00147-A90679-R11-C34,608.0
616,SA532X2XB00147-A90679-R15-C31,639.0
617,SA532X2XB00147-A90679-R70-C48,375.0
618,SA532X2XB00147-A90679-R11-C38,631.0
619,SA532X2XB00147-A90679-R34-C47,850.0
620,SA532X2XB00147-A90679-R70-C49,954.0
621,SA532X2XB00147-A90679-R39-C44,366.0
622,SA532X2XB00147-A90679-R41-C33,766.0
623,SA532X2XB00147-A90679-R17-C20,42.0
624,SA532X2XB00147-A90679-R41-C35,767.0
625,SA532X2XB00147-A90679-R35-C25,917.0
626,SA532X2XB00147-A90679-R39-C43,287.0
627,SA532X2XB00147-A90679-R41-C39,919.0
628,SA532X2XB00147-A90679-R59-C60,277.0
629,SA532X2XB00147-A90679-R67-C20,75.0
630,SA532X2XB00147-A90679-R59-C62,359.0
631,SA532X2XB00147-A90679-R67-C26,236.0
632,SA532X2XB00147-A90679-R67-C24,183.0
633,SA532X2XB00147-A90679-R67-C25,254.0
634,SA532X2XB00147-A90679-R40-C62,372.0
635,SA532X2XB00147-A90679-R61-C48,842.0
636,SA532X2XB00147-A90679-R62-C56,942.0
637,SA532X2XB00147-A90679-R70-C47,955.0
638,SA532X2XB00147-A90679-R45-C53,507.0
639,SA532X2XB00147-A90679-R45-C52,508.0
640,SA532X2XB00147-A90679-R64-C15,153.0
641,SA532X2XB00147-A90679-R45-C50,48.0
642,SA532X2XB00147-A90679-R63-C62,284.0
643,SA532X2XB00147-A90679-R69-C60,385.0
644,SA532X2XB00147-A90679-R69-C61,234.0
645,SA532X2XB00147-A90679-R16-C11,407.0
646,SA532X2XB00147-A90679-R16-C10,590.0
647,SA532X2XB00147-A90679-R42-C03,623.0
648,SA532X2XB00147-A90679-R21-C14,145.0
649,SA532X2XB00147-A90679-R68-C48,346.0
650,SA532X2XB00147-A90679-R16-C19,948.0
651,SA532X2XB00147-A90679-R42-C04,527.0
652,SA532X2XB00147-A90679-R21-C68,738.0
653,SA532X2XB00147-A90679-R43-C53,342.0
654,SA532X2XB00147-A90679-R63-C61,297.0
655,SA532X2XB00147-A90679-R34-C24,828.0
656,SA532X2XB00147-A90679-R62-C62,943.0
657,SA532X2XB00147-A90679-R21-C61,114.0
658,SA532X2XB00147-A90679-R21-C67,202.0
659,SA532X2XB00147-A90679-R27-C12,225.0
660,SA532X2XB00147-A90679-R27-C16,151.0
661,SA532X2XB00147-A90679-R17-C10,148.0
662,SA532X2XB00147-A90679-R70-C17,448.0
663,SA532X2XB00147-A90679-R46-C64,938.0
664,SA532X2XB00147-A90679-R20-C24,920.0
665,SA532X2XB00147-A90679-R20-C27,808.0
666,SA532X2XB00147-A90679-R20-C26,67.0
667,SA532X2XB00147-A90679-R32-C24,1021.0
668,SA532X2XB00147-A90679-R20-C20,820.0
669,SA532X2XB00147-A90679-R70-C60,377.0
670,SA532X2XB00147-A90679-R63-C47,965.0
671,SA532X2XB00147-A90679-R63-C48,349.0
672,SA532X2XB00147-A90679-R63-C49,358.0
673,SA532X2XB00147-A90679-R20-C29,36.0
674,SA532X2XB00147-A90679-R67-C22,228.0
675,SA532X2XB00147-A90679-R70-C12,1018.0
676,SA532X2XB00147-A90679-R43-C33,523.0
677,SA532X2XB00147-A90679-R34-C23,647.0
678,SA532X2XB00147-A90679-R34-C21,240.0
679,SA532X2XB00147-A90679-R34-C26,128.0
680,SA532X2XB00147-A90679-R08-C17,815.0
681,SA532X2XB00147-A90679-R08-C14,200.0
682,SA532X2XB00147-A90679-R20-C57,253.0
683,SA532X2XB00147-A90679-R34-C28,825.0
684,SA532X2XB00147-A90679-R34-C43,540.0
685,SA532X2XB00147-A90679-R44-C52,900.0
686,SA532X2XB00147-A90679-R59-C61,704.0
687,SA532X2XB00147-A90679-R32-C25,393.0
688,SA532X2XB00147-A90679-R61-C47,442.0
689,SA532X2XB00147-A90679-R67-C23,249.0
690,SA532X2XB00147-A90679-R09-C08,833.0
691,SA532X2XB00147-A90679-R26-C17,213.0
692,SA532X2XB00147-A90679-R19-C52,886.0
693,SA532X2XB00147-A90679-R70-C56,381.0
694,SA532X2XB00147-A90679-R18-C11,996.0
695,SA532X2XB00147-A90679-R18-C12,470.0
696,SA532X2XB00147-A90679-R66-C52,925.0
697,SA532X2XB00147-A90679-R66-C47,911.0
698,SA532X2XB00147-A90679-R66-C49,338.0
699,SA532X2XB00147-A90679-R18-C18,648.0
700,SA532X2XB00147-A90679-R32-C70,546.0
701,SA532X2XB00147-A90679-R02-C54,86.0
702,SA532X2XB00147-A90679-R02-C55,115.0
703,SA532X2XB00147-A90679-R14-C40,603.0
704,SA532X2XB00147-A90679-R14-C41,602.0
705,SA532X2XB00147-A90679-R67-C61,310.0
706,SA532X2XB00147-A90679-R70-C19,194.0
707,SA532X2XB00147-A90679-R14-C48,601.0
708,SA532X2XB00147-A90679-R02-C58,96.0
709,SA532X2XB00147-A90679-R41-C09,531.0
710,SA532X2XB00147-A90679-R35-C07,176.0
711,SA532X2XB00147-A90679-R35-C08,154.0
712,SA532X2XB00147-A90679-R22-C43,982.0
713,SA532X2XB00147-A90679-R22-C47,975.0
714,SA532X2XB00147-A90679-R22-C46,957.0
715,SA532X2XB00147-A90679-R48-C21,727.0
716,SA532X2XB00147-A90679-R48-C20,685.0
717,SA532X2XB00147-A90679-R62-C49,365.0
718,SA532X2XB00147-A90679-R48-C26,1009.0
719,SA532X2XB00147-A90679-R38-C28,876.0
720,SA532X2XB00147-A90679-R66-C50,686.0
721,SA532X2XB00147-A90679-R59-C50,262.0
722,SA532X2XB00147-A90679-R23-C50,572.0
723,SA532X2XB00147-A90679-R68-C58,332.0
724,SA532X2XB00147-A90679-R68-C59,319.0
725,SA532X2XB00147-A90679-R59-C51,264.0
726,SA532X2XB00147-A90679-R68-C54,695.0
727,SA532X2XB00147-A90679-R68-C55,323.0
728,SA532X2XB00147-A90679-R23-C59,12.0
729,SA532X2XB00147-A90679-R68-C57,843.0
730,SA532X2XB00147-A90679-R68-C50,932.0
731,SA532X2XB00147-A90679-R60-C49,720.0
732,SA532X2XB00147-A90679-R68-C52,3.0
733,SA532X2XB00147-A90679-R61-C61,451.0
734,SA532X2XB00147-A90679-R67-C53,475.0
735,SA532X2XB00147-A90679-R67-C52,345.0
736,SA532X2XB00147-A90679-R67-C51,870.0
737,SA532X2XB00147-A90679-R60-C48,230.0
738,SA532X2XB00147-A90679-R67-C57,707.0
739,SA532X2XB00147-A90679-R67-C56,279.0
740,SA532X2XB00147-A90679-R67-C55,715.0
741,SA532X2XB00147-A90679-R67-C54,328.0
742,SA532X2XB00147-A90679-R59-C54,765.0
743,SA532X2XB00147-A90679-R67-C59,931.0
744,SA532X2XB00147-A90679-R05-C32,632.0
745,SA532X2XB00147-A90679-R05-C35,617.0
746,SA532X2XB00147-A90679-R05-C36,417.0
747,SA532X2XB00147-A90679-R25-C46,859.0
748,SA532X2XB00147-A90679-R25-C47,664.0
749,SA532X2XB00147-A90679-R60-C56,306.0
750,SA532X2XB00147-A90679-R60-C57,370.0
751,SA532X2XB00147-A90679-R60-C50,335.0
752,SA532X2XB00147-A90679-R25-C43,423.0
753,SA532X2XB00147-A90679-R25-C40,17.0
754,SA532X2XB00147-A90679-R25-C41,395.0
755,SA532X2XB00147-A90679-R31-C61,547.0
756,SA532X2XB00147-A90679-R59-C57,270.0
757,SA532X2XB00147-A90679-R60-C58,936.0
758,SA532X2XB00147-A90679-R60-C59,960.0
759,SA532X2XB00147-A90679-R25-C48,732.0
760,SA532X2XB00147-A90679-R13-C26,745.0
761,SA532X2XB00147-A90679-R13-C25,110.0
762,SA532X2XB00147-A90679-R36-C28,394.0
763,SA532X2XB00147-A90679-R44-C24,522.0
764,SA532X2XB00147-A90679-R59-C59,368.0
765,SA532X2XB00147-A90679-R36-C25,390.0
766,SA532X2XB00147-A90679-R35-C55,751.0
767,SA532X2XB00147-A90679-R36-C21,404.0
768,SA532X2XB00147-A90679-R13-C29,107.0
769,SA532X2XB00147-A90679-R61-C49,845.0
770,SA532X2XB00147-A90679-R27-C54,130.0
771,SA532X2XB00147-A90679-R47-C46,330.0
772,SA532X2XB00147-A90679-R31-C52,550.0
773,SA532X2XB00147-A90679-R47-C44,315.0
774,SA532X2XB00147-A90679-R47-C42,714.0
775,SA532X2XB00147-A90679-R27-C59,1000.0
776,SA532X2XB00147-A90679-R21-C51,902.0
777,SA532X2XB00147-A90679-R21-C55,227.0
778,SA532X2XB00147-A90679-R65-C21,131.0
779,SA532X2XB00147-A90679-R28-C37,472.0
780,SA532X2XB00147-A90679-R65-C18,892.0
781,SA532X2XB00147-A90679-R11-C41,607.0
782,SA532X2XB00147-A90679-R65-C12,223.0
783,SA532X2XB00147-A90679-R11-C46,606.0
784,SA532X2XB00147-A90679-R41-C68,528.0
785,SA532X2XB00147-A90679-R19-C28,100.0
786,SA532X2XB00147-A90679-R69-C51,11.0
787,SA532X2XB00147-A90679-R70-C16,903.0
788,SA532X2XB00147-A90679-R61-C57,929.0
789,SA532X2XB00147-A90679-R45-C01,517.0
790,SA532X2XB00147-A90679-R40-C39,326.0
791,SA532X2XB00147-A90679-R66-C54,438.0
792,SA532X2XB00147-A90679-R45-C39,511.0
793,SA532X2XB00147-A90679-R69-C52,354.0
794,SA532X2XB00147-A90679-R40-C30,280.0
795,SA532X2XB00147-A90679-R40-C33,974.0
796,SA532X2XB00147-A90679-R63-C24,791.0
797,SA532X2XB00147-A90679-R48-C31,350.0
798,SA532X2XB00147-A90679-R65-C25,649.0
799,SA532X2XB00147-A90679-R61-C52,865.0
800,SA532X2XB00147-A90679-R45-C35,484.0
801,SA532X2XB00147-A90679-R69-C59,14.0
802,SA532X2XB00147-A90679-R69-C58,351.0
803,SA532X2XB00147-A90679-R66-C55,770.0
804,SA532X2XB00147-A90679-R46-C55,759.0
805,SA532X2XB00147-A90679-R69-C55,420.0
806,SA532X2XB00147-A90679-R16-C45,627.0
807,SA532X2XB00147-A90679-R69-C57,411.0
808,SA532X2XB00147-A90679-R69-C56,1012.0
809,SA532X2XB00147-A90679-R16-C40,588.0
810,SA532X2XB00147-A90679-R69-C50,386.0
811,SA532X2XB00147-A90679-R28-C30,488.0
812,SA532X2XB00147-A90679-R44-C17,364.0
813,SA532X2XB00147-A90679-R65-C24,233.0
814,SA532X2XB00147-A90679-R44-C13,266.0
815,SA532X2XB00147-A90679-R65-C26,163.0
816,SA532X2XB00147-A90679-R41-C03,532.0
817,SA532X2XB00147-A90679-R65-C20,782.0
818,SA532X2XB00147-A90679-R08-C30,16.0
819,SA532X2XB00147-A90679-R65-C22,817.0
820,SA532X2XB00147-A90679-R44-C15,462.0
821,SA532X2XB00147-A90679-R69-C20,83.0
822,SA532X2XB00147-A90679-R61-C59,313.0
823,SA532X2XB00147-A90679-R69-C22,797.0
824,SA532X2XB00147-A90679-R65-C23,85.0
825,SA532X2XB00147-A90679-R69-C24,79.0
826,SA532X2XB00147-A90679-R69-C25,495.0
827,SA532X2XB00147-A90679-R07-C71,204.0
828,SA532X2XB00147-A90679-R08-C22,18.0
829,SA532X2XB00147-A90679-R19-C12,999.0
830,SA532X2XB00147-A90679-R33-C39,406.0
831,SA532X2XB00147-A90679-R43-C22,455.0
832,SA532X2XB00147-A90679-R45-C02,516.0
833,SA532X2XB00147-A90679-R45-C03,515.0
834,SA532X2XB00147-A90679-R33-C30,185.0
835,SA532X2XB00147-A90679-R33-C37,37.0
836,SA532X2XB00147-A90679-R68-C47,888.0
837,SA532X2XB00147-A90679-R63-C26,669.0
838,SA532X2XB00147-A90679-R69-C23,109.0
839,SA532X2XB00147-A90679-R69-C62,747.0
840,SA532X2XB00147-A90679-R12-C47,424.0
841,SA532X2XB00147-A90679-R38-C60,760.0
842,SA532X2XB00147-A90679-R48-C64,425.0
843,SA532X2XB00147-A90679-R48-C62,703.0
844,SA532X2XB00147-A90679-R66-C51,9.0
845,SA532X2XB00147-A90679-R69-C17,496.0
846,SA532X2XB00147-A90679-R24-C37,570.0
847,SA532X2XB00147-A90679-R32-C39,74.0
848,SA532X2XB00147-A90679-R32-C37,243.0
849,SA532X2XB00147-A90679-R66-C56,700.0
850,SA532X2XB00147-A90679-R24-C39,1005.0
851,SA532X2XB00147-A90679-R66-C57,285.0
852,SA532X2XB00147-A90679-R06-C46,614.0
853,SA532X2XB00147-A90679-R06-C45,615.0
854,SA532X2XB00147-A90679-R06-C43,260.0
855,SA532X2XB00147-A90679-R06-C42,112.0
856,SA532X2XB00147-A90679-R26-C64,106.0
857,SA532X2XB00147-A90679-R34-C53,539.0
858,SA532X2XB00147-A90679-R70-C23,137.0
859,SA532X2XB00147-A90679-R70-C20,433.0
860,SA532X2XB00147-A90679-R20-C62,575.0
861,SA532X2XB00147-A90679-R70-C26,91.0
862,SA532X2XB00147-A90679-R19-C68,403.0
863,SA532X2XB00147-A90679-R34-C55,1019.0
864,SA532X2XB00147-A90679-R65-C17,222.0
865,SA532X2XB00147-A90679-R09-C39,171.0
866,SA532X2XB00147-A90679-R35-C40,640.0
867,SA532X2XB00147-A90679-R35-C43,1025.0
868,SA532X2XB00147-A90679-R09-C30,388.0
869,SA532X2XB00147-A90679-R39-C22,536.0
870,SA532X2XB00147-A90679-R68-C11,51.0
871,SA532X2XB00147-A90679-R38-C06,693.0
872,SA532X2XB00147-A90679-R66-C59,300.0
873,SA532X2XB00147-A90679-R68-C14,1006.0
874,SA532X2XB00147-A90679-R68-C15,184.0
875,SA532X2XB00147-A90679-R66-C18,169.0
876,SA532X2XB00147-A90679-R66-C19,244.0
877,SA532X2XB00147-A90679-R66-C16,905.0
878,SA532X2XB00147-A90679-R66-C17,1017.0
879,SA532X2XB00147-A90679-R18-C44,579.0
880,SA532X2XB00147-A90679-R66-C15,467.0
881,SA532X2XB00147-A90679-R66-C12,675.0
882,SA532X2XB00147-A90679-R18-C43,580.0
883,SA532X2XB00147-A90679-R44-C30,521.0
884,SA532X2XB00147-A90679-R23-C16,396.0
885,SA532X2XB00147-A90679-R63-C21,134.0
886,SA532X2XB00147-A90679-R14-C33,630.0
887,SA532X2XB00147-A90679-R37-C24,716.0
888,SA532X2XB00147-A90679-R23-C19,257.0
889,SA532X2XB00147-A90679-R36-C46,56.0
890,SA532X2XB00147-A90679-R12-C35,490.0
891,SA532X2XB00147-A90679-R12-C34,77.0
892,SA532X2XB00147-A90679-R04-C36,983.0
893,SA532X2XB00147-A90679-R03-C24,189.0
894,SA532X2XB00147-A90679-R03-C25,129.0
895,SA532X2XB00147-A90679-R03-C26,392.0
896,SA532X2XB00147-A90679-R36-C67,827.0
897,SA532X2XB00147-A90679-R03-C28,6.0
898,SA532X2XB00147-A90679-R31-C26,556.0
899,SA532X2XB00147-A90679-R60-C12,923.0
900,SA532X2XB00147-A90679-R25-C01,94.0
901,SA532X2XB00147-A90679-R60-C14,864.0
902,SA532X2XB00147-A90679-R60-C15,869.0
903,SA532X2XB00147-A90679-R22-C10,446.0
904,SA532X2XB00147-A90679-R07-C47,612.0
905,SA532X2XB00147-A90679-R05-C67,121.0
906,SA532X2XB00147-A90679-R05-C60,676.0
907,SA532X2XB00147-A90679-R15-C03,598.0
908,SA532X2XB00147-A90679-R60-C55,928.0
909,SA532X2XB00147-A90679-R15-C07,597.0
910,SA532X2XB00147-A90679-R36-C44,537.0
911,SA532X2XB00147-A90679-R67-C17,247.0
912,SA532X2XB00147-A90679-R36-C14,734.0
913,SA532X2XB00147-A90679-R36-C17,405.0
914,SA532X2XB00147-A90679-R36-C16,214.0
915,SA532X2XB00147-A90679-R67-C13,790.0
916,SA532X2XB00147-A90679-R36-C10,677.0
917,SA532X2XB00147-A90679-R39-C50,692.0
918,SA532X2XB00147-A90679-R31-C39,554.0
919,SA532X2XB00147-A90679-R48-C68,723.0
920,SA532X2XB00147-A90679-R60-C61,935.0
921,SA532X2XB00147-A90679-R36-C18,239.0
922,SA532X2XB00147-A90679-R67-C19,250.0
923,SA532X2XB00147-A90679-R60-C62,283.0
924,SA532X2XB00147-A90679-R45-C40,510.0
925,SA532X2XB00147-A90679-R68-C61,317.0
926,SA532X2XB00147-A90679-R68-C60,322.0
927,SA532X2XB00147-A90679-R68-C62,481.0
928,SA532X2XB00147-A90679-R30-C26,471.0
929,SA532X2XB00147-A90679-R48-C09,274.0
930,SA532X2XB00147-A90679-R60-C19,180.0
931,SA532X2XB00147-A90679-R30-C23,743.0
932,SA532X2XB00147-A90679-R48-C08,880.0
933,SA532X2XB00147-A90679-R62-C57,712.0
934,SA532X2XB00147-A90679-R27-C04,655.0
935,SA532X2XB00147-A90679-R45-C41,509.0
936,SA532X2XB00147-A90679-R27-C06,127.0
937,SA532X2XB00147-A90679-R27-C07,123.0
938,SA532X2XB00147-A90679-R01-C67,460.0
939,SA532X2XB00147-A90679-R07-C24,478.0
940,SA532X2XB00147-A90679-R31-C30,624.0
941,SA532X2XB00147-A90679-R69-C13,132.0
942,SA532X2XB00147-A90679-R07-C27,49.0
943,SA532X2XB00147-A90679-R69-C15,644.0
944,SA532X2XB00147-A90679-R07-C21,752.0
945,SA532X2XB00147-A90679-R16-C06,591.0
946,SA532X2XB00147-A90679-R69-C16,39.0
947,SA532X2XB00147-A90679-R16-C08,665.0
948,SA532X2XB00147-A90679-R46-C22,798.0
949,SA532X2XB00147-A90679-R40-C04,303.0
950,SA532X2XB00147-A90679-R40-C06,304.0
951,SA532X2XB00147-A90679-R67-C21,662.0
952,SA532X2XB00147-A90679-R11-C09,985.0
953,SA532X2XB00147-A90679-R15-C24,595.0
954,SA532X2XB00147-A90679-R48-C01,945.0
955,SA532X2XB00147-A90679-R40-C08,710.0
956,SA532X2XB00147-A90679-R65-C61,320.0
957,SA532X2XB00147-A90679-R66-C11,497.0
958,SA532X2XB00147-A90679-R12-C28,916.0
959,SA532X2XB00147-A90679-R17-C23,585.0
960,SA532X2XB00147-A90679-R17-C22,586.0
961,SA532X2XB00147-A90679-R65-C62,298.0
962,SA532X2XB00147-A90679-R12-C29,55.0
963,SA532X2XB00147-A90679-R17-C26,906.0
964,SA532X2XB00147-A90679-R64-C17,90.0
965,SA532X2XB00147-A90679-R70-C53,269.0
966,SA532X2XB00147-A90679-R70-C52,856.0
967,SA532X2XB00147-A90679-R70-C51,382.0
968,SA532X2XB00147-A90679-R70-C50,858.0
969,SA532X2XB00147-A90679-R70-C57,956.0
970,SA532X2XB00147-A90679-R70-C14,170.0
971,SA532X2XB00147-A90679-R70-C55,380.0
972,SA532X2XB00147-A90679-R70-C54,882.0
973,SA532X2XB00147-A90679-R70-C59,378.0
974,SA532X2XB00147-A90679-R70-C58,379.0
975,SA532X2XB00147-A90679-R60-C13,473.0
976,SA532X2XB00147-A90679-R20-C39,398.0
977,SA532X2XB00147-A90679-R38-C13,290.0
978,SA532X2XB00147-A90679-R65-C19,245.0
979,SA532X2XB00147-A90679-R44-C58,38.0
980,SA532X2XB00147-A90679-R33-C45,190.0
981,SA532X2XB00147-A90679-R33-C44,483.0
982,SA532X2XB00147-A90679-R44-C63,519.0
983,SA532X2XB00147-A90679-R65-C14,776.0
984,SA532X2XB00147-A90679-R44-C61,855.0
985,SA532X2XB00147-A90679-R65-C16,166.0
986,SA532X2XB00147-A90679-R65-C11,912.0
987,SA532X2XB00147-A90679-R65-C13,645.0
988,SA532X2XB00147-A90679-R44-C64,518.0
989,SA532X2XB00147-A90679-R26-C26,80.0
990,SA532X2XB00147-A90679-R43-C28,634.0
991,SA532X2XB00147-A90679-R45-C38,512.0
992,SA532X2XB00147-A90679-R37-C72,418.0
993,SA532X2XB00147-A90679-R08-C28,101.0
994,SA532X2XB00147-A90679-R19-C21,907.0
995,SA532X2XB00147-A90679-R08-C26,400.0
996,SA532X2XB00147-A90679-R34-C14,816.0
997,SA532X2XB00147-A90679-R34-C13,618.0
998,SA532X2XB00147-A90679-R19-C24,60.0
999,SA532X2XB00147-A90679-R08-C21,811.0
1000,SA532X2XB00147-A90679-R34-C10,439.0
1001,SA532X2XB00147-A90679-R18-C02,582.0
1002,SA532X2XB00147-A90679-R66-C53,487.0
1003,SA532X2XB00147-A90679-R32-C66,125.0
1004,SA532X2XB00147-A90679-R63-C25,774.0
1005,SA532X2XB00147-A90679-R63-C22,781.0
1006,SA532X2XB00147-A90679-R63-C23,108.0
1007,SA532X2XB00147-A90679-R63-C20,796.0
1008,SA532X2XB00147-A90679-R60-C53,875.0
1009,SA532X2XB00147-A90679-R66-C58,881.0
1010,SA532X2XB00147-A90679-R62-C51,1.0
1011,SA532X2XB00147-A90679-R32-C68,918.0
1012,SA532X2XB00147-A90679-R19-C67,821.0
1013,SA532X2XB00147-A90679-R37-C61,1011.0
1014,SA532X2XB00147-A90679-R37-C60,763.0
1015,SA532X2XB00147-A90679-R37-C67,219.0
1016,SA532X2XB00147-A90679-R24-C41,636.0
1017,SA532X2XB00147-A90679-R39-C57,291.0
1018,SA532X2XB00147-A90679-R61-C54,950.0
1019,SA532X2XB00147-A90679-R35-C15,387.0
1020,SA532X2XB00147-A90679-R43-C21,853.0
1021,SA532X2XB00147-A90679-R29-C01,20.0
1022,SA532X2XB00147-A90679-R62-C53,25.0
1023,SA532X2XB00147-A90679-R22-C52,453.0
1024,SA532X2XB00147-A90679-R38-C12,691.0
1025,SA532X2XB00147-A90679-R62-C54,362.0
1026,SA532X2XB00147-A90679-R62-C55,832.0
1027,SA532X2XB00147-A90679-R38-C17,278.0
1028,SA532X2XB00147-A90679-R22-C57,573.0
1029,SA532X2XB00147-A90679-R62-C50,0.0
1030,SA532X2XB00147-A90679-R08-C69,744.0
1031,SA532X2XB00147-A90679-R70-C62,383.0
1032,SA532X2XB00147-A90679-R62-C58,838.0
1033,SA532X2XB00147-A90679-R62-C59,301.0
0,SA532X4XB00273-A95732B-R36-C39,115.0
1,SA532X4XB00273-A95732B-R36-C37,234.0
2,SA532X4XB00273-A95732B-R36-C36,103.0
3,SA532X4XB00273-A95732B-R36-C35,439.0
4,SA532X4XB00273-A95732B-R36-C34,388.0
5,SA532X4XB00273-A95732B-R36-C33,405.0
6,SA532X4XB00273-A95732B-R36-C32,516.0
7,SA1015-A95732B-R37-C04,101.0
8,SA532X4XB00273-A95732B-R36-C30,307.0
9,SA532X4XB00273-A95732B-R33-C49,84.0
10,SA532X4XB00273-A95732B-R33-C48,172.0
11,SA532X4XB00273-A95732B-R33-C41,266.0
12,SA532X4XB00273-A95732B-R35-C17,365.0
13,SA532X4XB00273-A95732B-R33-C46,120.0
14,SA532X4XB00273-A95732B-R33-C45,475.0
15,SA532X4XB00273-A95732B-R37-C23,434.0
16,SA532X4XB00273-A95732B-R25-C68,518.0
17,SA532X4XB00273-A95732B-R25-C69,601.0
18,SA532X4XB00273-A95732B-R37-C22,403.0
19,SA532X4XB00273-A95732B-R25-C60,379.0
20,SA532X4XB00273-A95732B-R25-C61,342.0
21,SA532X4XB00273-A95732B-R25-C62,404.0
22,SA532X4XB00273-A95732B-R25-C63,500.0
23,SA532X4XB00273-A95732B-R25-C65,41.0
24,SA532X4XB00273-A95732B-R25-C66,269.0
25,SA532X4XB00273-A95732B-R25-C67,159.0
26,SA532X4XB00273-A95732B-R35-C70,375.0
27,SA532X4XB00273-A95732B-R36-C31,38.0
28,SA532X4XB00273-A95732B-R37-C28,316.0
29,SA532X4XB00273-A95732B-R27-C40,361.0
30,SA532X4XB00273-A95732B-R27-C41,376.0
31,SA532X4XB00273-A95732B-R27-C42,372.0
32,SA532X4XB00273-A95732B-R27-C43,353.0
33,SA532X4XB00273-A95732B-R27-C44,151.0
34,SA532X4XB00273-A95732B-R34-C49,72.0
35,SA532X4XB00273-A95732B-R37-C35,83.0
36,SA532X4XB00273-A95732B-R34-C44,153.0
37,SA532X4XB00273-A95732B-R34-C45,568.0
38,SA532X4XB00273-A95732B-R34-C46,12.0
39,SA532X4XB00273-A95732B-R37-C39,407.0
40,SA532X4XB00273-A95732B-R34-C40,196.0
41,SA532X4XB00273-A95732B-R34-C42,418.0
42,SA532X4XB00273-A95732B-R34-C43,9.0
43,SA532X4XB00273-A95732B-R26-C70,197.0
44,SA532X4XB00273-A95732B-R32-C70,442.0
45,SA532X4XB00273-A95732B-R24-C06,627.0
46,SA532X4XB00273-A95732B-R24-C03,622.0
47,SA532X4XB00273-A95732B-R30-C52,105.0
48,SA532X4XB00273-A95732B-R24-C09,309.0
49,SA532X4XB00273-A95732B-R24-C08,411.0
50,SA532X4XB00273-A95732B-R38-C56,58.0
51,SA532X4XB00273-A95732B-R38-C55,89.0
52,SA532X4XB00273-A95732B-R38-C54,328.0
53,SA532X4XB00273-A95732B-R38-C53,138.0
54,SA532X4XB00273-A95732B-R38-C52,206.0
55,SA532X4XB00273-A95732B-R38-C51,457.0
56,SA532X4XB00273-A95732B-R26-C66,432.0
57,SA532X4XB00273-A95732B-R38-C59,510.0
58,SA532X4XB00273-A95732B-R38-C58,30.0
59,SA532X4XB00273-A95732B-R37-C07,459.0
60,SA532X4XB00273-A95732B-R39-C44,359.0
61,SA532X4XB00273-A95732B-R39-C47,10.0
62,SA532X4XB00273-A95732B-R39-C46,208.0
63,SA532X4XB00273-A95732B-R39-C41,419.0
64,SA532X4XB00273-A95732B-R39-C40,444.0
65,SA532X4XB00273-A95732B-R39-C43,121.0
66,SA532X4XB00273-A95732B-R39-C42,358.0
67,SA532X4XB00273-A95732B-R39-C49,3.0
68,SA532X4XB00273-A95732B-R39-C48,649.0
69,SA532X4XB00273-A95732B-R36-C70,141.0
70,SA532X4XB00273-A95732B-R25-C28,525.0
71,SA532X4XB00273-A95732B-R25-C26,221.0
72,SA532X4XB00273-A95732B-R25-C27,567.0
73,SA532X4XB00273-A95732B-R25-C20,306.0
74,SA532X4XB00273-A95732B-R25-C22,539.0
75,SA532X4XB00273-A95732B-R25-C23,259.0
76,SA532X4XB00273-A95732B-R35-C27,200.0
77,SA1015-A95732B-R30-C04,609.0
78,SA532X4XB00273-A95732B-R38-C10,296.0
79,SA532X4XB00273-A95732B-R33-C70,492.0
80,SA532X4XB00273-A95732B-R27-C07,87.0
81,SA532X4XB00273-A95732B-R27-C03,641.0
82,SA532X4XB00273-A95732B-R29-C06,110.0
83,SA532X4XB00273-A95732B-R27-C08,513.0
84,SA532X4XB00273-A95732B-R27-C09,522.0
85,SA532X4XB00273-A95732B-R35-C22,15.0
86,SA532X4XB00273-A95732B-R35-C21,368.0
87,SA532X4XB00273-A95732B-R35-C20,34.0
88,SA532X4XB00273-A95732B-R36-C06,624.0
89,SA532X4XB00273-A95732B-R36-C07,485.0
90,SA532X4XB00273-A95732B-R36-C03,613.0
91,SA532X4XB00273-A95732B-R36-C08,158.0
92,SA532X4XB00273-A95732B-R36-C09,637.0
93,SA532X4XB00273-A95732B-R32-C39,528.0
94,SA532X4XB00273-A95732B-R35-C29,345.0
95,SA532X4XB00273-A95732B-R32-C33,421.0
96,SA532X4XB00273-A95732B-R32-C32,343.0
97,SA532X4XB00273-A95732B-R35-C25,82.0
98,SA532X4XB00273-A95732B-R35-C24,399.0
99,SA532X4XB00273-A95732B-R35-C23,349.0
100,SA532X4XB00273-A95732B-R32-C36,204.0
101,SA532X4XB00273-A95732B-R32-C35,144.0
102,SA532X4XB00273-A95732B-R32-C34,135.0
103,SA532X4XB00273-A95732B-R28-C29,251.0
104,SA532X4XB00273-A95732B-R28-C28,470.0
105,SA532X4XB00273-A95732B-R34-C15,575.0
106,SA532X4XB00273-A95732B-R34-C14,504.0
107,SA532X4XB00273-A95732B-R34-C13,643.0
108,SA532X4XB00273-A95732B-R34-C12,576.0
109,SA532X4XB00273-A95732B-R34-C11,169.0
110,SA532X4XB00273-A95732B-R34-C10,531.0
111,SA532X4XB00273-A95732B-R28-C22,278.0
112,SA532X4XB00273-A95732B-R34-C19,186.0
113,SA532X4XB00273-A95732B-R34-C18,339.0
114,SA532X4XB00273-A95732B-R37-C69,65.0
115,SA532X4XB00273-A95732B-R37-C68,488.0
116,SA532X4XB00273-A95732B-R37-C65,356.0
117,SA532X4XB00273-A95732B-R35-C12,73.0
118,SA532X4XB00273-A95732B-R37-C67,486.0
119,SA532X4XB00273-A95732B-R37-C66,299.0
120,SA532X4XB00273-A95732B-R37-C61,360.0
121,SA532X4XB00273-A95732B-R37-C60,369.0
122,SA532X4XB00273-A95732B-R37-C63,46.0
123,SA532X4XB00273-A95732B-R37-C62,409.0
124,SA532X4XB00273-A95732B-R39-C09,271.0
125,SA532X4XB00273-A95732B-R34-C17,580.0
126,SA532X4XB00273-A95732B-R37-C06,137.0
127,SA532X4XB00273-A95732B-R34-C16,42.0
128,SA532X4XB00273-A95732B-R39-C03,628.0
129,SA532X4XB00273-A95732B-R39-C06,650.0
130,SA532X4XB00273-A95732B-R24-C49,529.0
131,SA532X4XB00273-A95732B-R24-C48,78.0
132,SA532X4XB00273-A95732B-R24-C43,517.0
133,SA532X4XB00273-A95732B-R24-C47,501.0
134,SA532X4XB00273-A95732B-R24-C45,66.0
135,SA532X4XB00273-A95732B-R24-C44,273.0
136,SA532X4XB00273-A95732B-R26-C38,74.0
137,SA532X4XB00273-A95732B-R26-C39,129.0
138,SA532X4XB00273-A95732B-R26-C34,497.0
139,SA532X4XB00273-A95732B-R26-C35,348.0
140,SA532X4XB00273-A95732B-R26-C36,326.0
141,SA532X4XB00273-A95732B-R26-C30,300.0
142,SA532X4XB00273-A95732B-R26-C31,239.0
143,SA532X4XB00273-A95732B-R26-C32,451.0
144,SA532X4XB00273-A95732B-R26-C33,437.0
145,SA532X4XB00273-A95732B-R38-C19,145.0
146,SA532X4XB00273-A95732B-R38-C18,54.0
147,SA532X4XB00273-A95732B-R32-C48,563.0
148,SA532X4XB00273-A95732B-R32-C49,216.0
149,SA532X4XB00273-A95732B-R38-C13,647.0
150,SA532X4XB00273-A95732B-R38-C12,581.0
151,SA532X4XB00273-A95732B-R32-C45,514.0
152,SA532X4XB00273-A95732B-R38-C17,43.0
153,SA532X4XB00273-A95732B-R32-C43,414.0
154,SA532X4XB00273-A95732B-R38-C15,247.0
155,SA532X4XB00273-A95732B-R38-C14,156.0
156,SA532X4XB00273-A95732B-R24-C38,476.0
157,SA532X4XB00273-A95732B-R24-C36,520.0
158,SA532X4XB00273-A95732B-R24-C34,450.0
159,SA532X4XB00273-A95732B-R24-C35,560.0
160,SA532X4XB00273-A95732B-R24-C32,241.0
161,SA532X4XB00273-A95732B-R24-C33,653.0
162,SA532X4XB00273-A95732B-R24-C30,515.0
163,SA532X4XB00273-A95732B-R24-C31,333.0
164,SA1015-A95732B-R32-C04,611.0
165,SA532X4XB00273-A95732B-R38-C68,460.0
166,SA532X4XB00273-A95732B-R38-C69,481.0
167,SA532X4XB00273-A95732B-R38-C66,308.0
168,SA532X4XB00273-A95732B-R38-C67,449.0
169,SA532X4XB00273-A95732B-R38-C64,482.0
170,SA532X4XB00273-A95732B-R38-C65,167.0
171,SA532X4XB00273-A95732B-R38-C62,114.0
172,SA532X4XB00273-A95732B-R38-C63,245.0
173,SA532X4XB00273-A95732B-R38-C60,166.0
174,SA532X4XB00273-A95732B-R38-C61,431.0
175,SA532X4XB00273-A95732B-R37-C03,640.0
176,SA1015-A95732B-R29-C04,26.0
177,SA532X4XB00273-A95732B-R36-C48,340.0
178,SA532X4XB00273-A95732B-R36-C49,18.0
179,SA532X4XB00273-A95732B-R36-C42,452.0
180,SA532X4XB00273-A95732B-R36-C43,52.0
181,SA532X4XB00273-A95732B-R36-C41,211.0
182,SA532X4XB00273-A95732B-R36-C47,537.0
183,SA532X4XB00273-A95732B-R36-C44,45.0
184,SA532X4XB00273-A95732B-R36-C45,262.0
185,SA532X4XB00273-A95732B-R31-C13,69.0
186,SA532X4XB00273-A95732B-R31-C17,597.0
187,SA532X4XB00273-A95732B-R31-C15,183.0
188,SA532X4XB00273-A95732B-R25-C70,430.0
189,SA532X4XB00273-A95732B-R35-C63,124.0
190,SA532X4XB00273-A95732B-R35-C62,354.0
191,SA532X4XB00273-A95732B-R35-C61,39.0
192,SA532X4XB00273-A95732B-R35-C60,582.0
193,SA532X4XB00273-A95732B-R35-C67,381.0
194,SA532X4XB00273-A95732B-R35-C65,478.0
195,SA532X4XB00273-A95732B-R27-C58,555.0
196,SA532X4XB00273-A95732B-R27-C56,519.0
197,SA532X4XB00273-A95732B-R35-C69,292.0
198,SA532X4XB00273-A95732B-R27-C52,283.0
199,SA1015-A95732B-R25-C04,96.0
200,SA532X4XB00273-A95732B-R37-C32,254.0
201,SA532X4XB00273-A95732B-R37-C33,177.0
202,SA532X4XB00273-A95732B-R36-C25,92.0
203,SA532X4XB00273-A95732B-R37-C30,226.0
204,SA532X4XB00273-A95732B-R37-C21,441.0
205,SA532X4XB00273-A95732B-R37-C20,462.0
206,SA532X4XB00273-A95732B-R34-C59,5.0
207,SA532X4XB00273-A95732B-R34-C58,205.0
208,SA532X4XB00273-A95732B-R37-C25,207.0
209,SA532X4XB00273-A95732B-R37-C24,571.0
210,SA532X4XB00273-A95732B-R37-C27,543.0
211,SA532X4XB00273-A95732B-R37-C26,524.0
212,SA532X4XB00273-A95732B-R37-C29,480.0
213,SA532X4XB00273-A95732B-R34-C52,350.0
214,SA532X4XB00273-A95732B-R34-C51,70.0
215,SA532X4XB00273-A95732B-R34-C50,116.0
216,SA532X4XB00273-A95732B-R34-C56,267.0
217,SA532X4XB00273-A95732B-R34-C55,447.0
218,SA532X4XB00273-A95732B-R34-C54,327.0
219,SA532X4XB00273-A95732B-R27-C48,323.0
220,SA532X4XB00273-A95732B-R26-C65,302.0
221,SA532X4XB00273-A95732B-R26-C64,506.0
222,SA532X4XB00273-A95732B-R26-C63,157.0
223,SA532X4XB00273-A95732B-R26-C62,255.0
224,SA532X4XB00273-A95732B-R26-C61,194.0
225,SA532X4XB00273-A95732B-R26-C60,384.0
226,SA532X4XB00273-A95732B-R26-C68,593.0
227,SA532X4XB00273-A95732B-R34-C28,252.0
228,SA532X4XB00273-A95732B-R34-C29,321.0
229,SA532X4XB00273-A95732B-R34-C26,244.0
230,SA532X4XB00273-A95732B-R34-C24,219.0
231,SA532X4XB00273-A95732B-R34-C25,215.0
232,SA532X4XB00273-A95732B-R34-C22,32.0
233,SA532X4XB00273-A95732B-R34-C23,541.0
234,SA532X4XB00273-A95732B-R34-C20,31.0
235,SA532X4XB00273-A95732B-R34-C21,629.0
236,SA532X4XB00273-A95732B-R35-C16,155.0
237,SA532X4XB00273-A95732B-R32-C03,614.0
238,SA532X4XB00273-A95732B-R35-C14,318.0
239,SA532X4XB00273-A95732B-R35-C15,280.0
240,SA532X4XB00273-A95732B-R32-C06,642.0
241,SA532X4XB00273-A95732B-R35-C13,429.0
242,SA532X4XB00273-A95732B-R35-C10,265.0
243,SA532X4XB00273-A95732B-R35-C11,545.0
244,SA532X4XB00273-A95732B-R35-C18,130.0
245,SA532X4XB00273-A95732B-R35-C19,588.0
246,SA532X4XB00273-A95732B-R38-C22,22.0
247,SA532X4XB00273-A95732B-R38-C23,242.0
248,SA532X4XB00273-A95732B-R38-C20,499.0
249,SA532X4XB00273-A95732B-R38-C26,19.0
250,SA532X4XB00273-A95732B-R38-C27,538.0
251,SA532X4XB00273-A95732B-R38-C24,261.0
252,SA532X4XB00273-A95732B-R38-C25,489.0
253,SA532X4XB00273-A95732B-R38-C28,337.0
254,SA532X4XB00273-A95732B-R38-C29,646.0
255,SA532X4XB00273-A95732B-R39-C70,294.0
256,SA532X4XB00273-A95732B-R25-C39,173.0
257,SA532X4XB00273-A95732B-R25-C38,438.0
258,SA532X4XB00273-A95732B-R25-C33,587.0
259,SA532X4XB00273-A95732B-R25-C32,422.0
260,SA532X4XB00273-A95732B-R25-C31,314.0
261,SA532X4XB00273-A95732B-R25-C30,77.0
262,SA532X4XB00273-A95732B-R25-C35,395.0
263,SA532X4XB00273-A95732B-R27-C13,565.0
264,SA532X4XB00273-A95732B-R33-C60,229.0
265,SA532X4XB00273-A95732B-R27-C11,85.0
266,SA532X4XB00273-A95732B-R33-C62,218.0
267,SA532X4XB00273-A95732B-R33-C65,352.0
268,SA532X4XB00273-A95732B-R33-C64,23.0
269,SA532X4XB00273-A95732B-R33-C67,521.0
270,SA532X4XB00273-A95732B-R33-C66,503.0
271,SA532X4XB00273-A95732B-R33-C69,574.0
272,SA532X4XB00273-A95732B-R33-C68,651.0
273,SA532X4XB00273-A95732B-R27-C19,540.0
274,SA532X4XB00273-A95732B-R37-C14,570.0
275,SA532X4XB00273-A95732B-R36-C15,33.0
276,SA1015-A95732B-R38-C04,25.0
277,SA532X4XB00273-A95732B-R36-C17,185.0
278,SA532X4XB00273-A95732B-R36-C16,654.0
279,SA532X4XB00273-A95732B-R36-C11,257.0
280,SA532X4XB00273-A95732B-R36-C10,578.0
281,SA532X4XB00273-A95732B-R25-C48,147.0
282,SA532X4XB00273-A95732B-R25-C49,199.0
283,SA532X4XB00273-A95732B-R25-C46,443.0
284,SA532X4XB00273-A95732B-R25-C44,564.0
285,SA532X4XB00273-A95732B-R36-C19,170.0
286,SA532X4XB00273-A95732B-R25-C43,44.0
287,SA532X4XB00273-A95732B-R25-C40,461.0
288,SA532X4XB00273-A95732B-R25-C41,86.0
289,SA532X4XB00273-A95732B-R35-C58,313.0
290,SA532X4XB00273-A95732B-R35-C59,398.0
291,SA532X4XB00273-A95732B-R35-C52,635.0
292,SA532X4XB00273-A95732B-R35-C53,332.0
293,SA532X4XB00273-A95732B-R35-C50,397.0
294,SA532X4XB00273-A95732B-R35-C51,378.0
295,SA532X4XB00273-A95732B-R35-C56,150.0
296,SA532X4XB00273-A95732B-R35-C57,363.0
297,SA532X4XB00273-A95732B-R35-C54,148.0
298,SA532X4XB00273-A95732B-R35-C55,427.0
299,SA532X4XB00273-A95732B-R36-C28,284.0
300,SA532X4XB00273-A95732B-R36-C29,125.0
301,SA532X4XB00273-A95732B-R37-C16,527.0
302,SA532X4XB00273-A95732B-R28-C14,81.0
303,SA532X4XB00273-A95732B-R34-C63,16.0
304,SA532X4XB00273-A95732B-R34-C60,175.0
305,SA532X4XB00273-A95732B-R34-C61,50.0
306,SA532X4XB00273-A95732B-R34-C66,553.0
307,SA532X4XB00273-A95732B-R28-C11,231.0
308,SA532X4XB00273-A95732B-R34-C64,550.0
309,SA532X4XB00273-A95732B-R34-C65,600.0
310,SA532X4XB00273-A95732B-R34-C68,423.0
311,SA532X4XB00273-A95732B-R28-C19,549.0
312,SA532X4XB00273-A95732B-R38-C16,2.0
313,SA532X4XB00273-A95732B-R37-C58,446.0
314,SA532X4XB00273-A95732B-R37-C59,143.0
315,SA532X4XB00273-A95732B-R27-C64,523.0
316,SA1015-A95732B-R31-C04,608.0
317,SA532X4XB00273-A95732B-R37-C17,149.0
318,SA532X4XB00273-A95732B-R27-C61,526.0
319,SA532X4XB00273-A95732B-R37-C50,60.0
320,SA532X4XB00273-A95732B-R37-C51,21.0
321,SA532X4XB00273-A95732B-R37-C52,638.0
322,SA532X4XB00273-A95732B-R37-C53,633.0
323,SA532X4XB00273-A95732B-R37-C54,532.0
324,SA532X4XB00273-A95732B-R37-C55,338.0
325,SA532X4XB00273-A95732B-R37-C56,202.0
326,SA532X4XB00273-A95732B-R37-C57,498.0
327,SA532X4XB00273-A95732B-R39-C34,8.0
328,SA532X4XB00273-A95732B-R39-C35,566.0
329,SA532X4XB00273-A95732B-R39-C36,335.0
330,SA532X4XB00273-A95732B-R39-C37,552.0
331,SA532X4XB00273-A95732B-R39-C30,474.0
332,SA532X4XB00273-A95732B-R39-C31,324.0
333,SA532X4XB00273-A95732B-R39-C32,435.0
334,SA532X4XB00273-A95732B-R39-C33,512.0
335,SA532X4XB00273-A95732B-R39-C38,536.0
336,SA532X4XB00273-A95732B-R39-C39,225.0
337,SA532X4XB00273-A95732B-R26-C58,383.0
338,SA532X4XB00273-A95732B-R26-C56,464.0
339,SA532X4XB00273-A95732B-R26-C57,477.0
340,SA532X4XB00273-A95732B-R26-C54,579.0
341,SA532X4XB00273-A95732B-R26-C55,88.0
342,SA532X4XB00273-A95732B-R26-C52,281.0
343,SA532X4XB00273-A95732B-R26-C50,310.0
344,SA532X4XB00273-A95732B-R26-C51,122.0
345,SA532X4XB00273-A95732B-R35-C26,182.0
346,SA532X4XB00273-A95732B-R26-C29,152.0
347,SA532X4XB00273-A95732B-R26-C28,556.0
348,SA532X4XB00273-A95732B-R26-C23,274.0
349,SA532X4XB00273-A95732B-R26-C22,591.0
350,SA532X4XB00273-A95732B-R26-C21,495.0
351,SA532X4XB00273-A95732B-R26-C25,551.0
352,SA532X4XB00273-A95732B-R32-C59,201.0
353,SA532X4XB00273-A95732B-R32-C58,505.0
354,SA532X4XB00273-A95732B-R32-C55,68.0
355,SA532X4XB00273-A95732B-R32-C54,346.0
356,SA532X4XB00273-A95732B-R32-C56,235.0
357,SA532X4XB00273-A95732B-R32-C51,181.0
358,SA532X4XB00273-A95732B-R32-C53,386.0
359,SA532X4XB00273-A95732B-R32-C52,530.0
360,SA532X4XB00273-A95732B-R24-C28,93.0
361,SA532X4XB00273-A95732B-R24-C25,648.0
362,SA532X4XB00273-A95732B-R24-C27,171.0
363,SA532X4XB00273-A95732B-R24-C26,272.0
364,SA532X4XB00273-A95732B-R24-C20,367.0
365,SA532X4XB00273-A95732B-R24-C23,288.0
366,SA532X4XB00273-A95732B-R24-C22,295.0
367,SA1015-A95732B-R36-C04,113.0
368,SA532X4XB00273-A95732B-R38-C70,487.0
369,SA532X4XB00273-A95732B-R36-C59,572.0
370,SA532X4XB00273-A95732B-R36-C58,132.0
371,SA532X4XB00273-A95732B-R36-C51,599.0
372,SA532X4XB00273-A95732B-R36-C50,303.0
373,SA532X4XB00273-A95732B-R36-C53,164.0
374,SA532X4XB00273-A95732B-R36-C52,453.0
375,SA532X4XB00273-A95732B-R36-C55,493.0
376,SA532X4XB00273-A95732B-R36-C54,29.0
377,SA532X4XB00273-A95732B-R36-C57,203.0
378,SA532X4XB00273-A95732B-R31-C03,108.0
379,SA532X4XB00273-A95732B-R31-C06,109.0
380,SA1015-A95732B-R26-C04,112.0
381,SA532X4XB00273-A95732B-R28-C35,222.0
382,SA532X4XB00273-A95732B-R25-C03,615.0
383,SA532X4XB00273-A95732B-R25-C06,626.0
384,SA532X4XB00273-A95732B-R25-C07,364.0
385,SA532X4XB00273-A95732B-R37-C15,133.0
386,SA532X4XB00273-A95732B-R25-C09,417.0
387,SA1015-A95732B-R39-C04,24.0
388,SA532X4XB00273-A95732B-R27-C20,331.0
389,SA532X4XB00273-A95732B-R27-C28,1.0
390,SA532X4XB00273-A95732B-R27-C29,322.0
391,SA532X4XB00273-A95732B-R37-C18,445.0
392,SA532X4XB00273-A95732B-R37-C19,224.0
393,SA532X4XB00273-A95732B-R27-C22,586.0
394,SA532X4XB00273-A95732B-R27-C23,534.0
395,SA532X4XB00273-A95732B-R33-C12,598.0
396,SA532X4XB00273-A95732B-R27-C21,341.0
397,SA532X4XB00273-A95732B-R37-C10,393.0
398,SA532X4XB00273-A95732B-R37-C11,250.0
399,SA532X4XB00273-A95732B-R27-C24,146.0
400,SA532X4XB00273-A95732B-R37-C13,455.0
401,SA532X4XB00273-A95732B-R37-C12,268.0
402,SA532X4XB00273-A95732B-R33-C61,387.0
403,SA532X4XB00273-A95732B-R39-C18,420.0
404,SA532X4XB00273-A95732B-R26-C12,319.0
405,SA532X4XB00273-A95732B-R26-C13,546.0
406,SA928-A95732B-R28-C05,605.0
407,SA532X4XB00273-A95732B-R26-C11,636.0
408,SA532X4XB00273-A95732B-R26-C16,298.0
409,SA532X4XB00273-A95732B-R26-C14,228.0
410,SA532X4XB00273-A95732B-R27-C17,243.0
411,SA532X4XB00273-A95732B-R26-C18,630.0
412,SA532X4XB00273-A95732B-R26-C19,293.0
413,SA532X4XB00273-A95732B-R27-C16,174.0
414,SA532X4XB00273-A95732B-R34-C39,390.0
415,SA532X4XB00273-A95732B-R27-C15,258.0
416,SA532X4XB00273-A95732B-R34-C35,168.0
417,SA532X4XB00273-A95732B-R34-C34,232.0
418,SA532X4XB00273-A95732B-R34-C37,315.0
419,SA532X4XB00273-A95732B-R28-C44,80.0
420,SA532X4XB00273-A95732B-R34-C30,380.0
421,SA532X4XB00273-A95732B-R34-C33,344.0
422,SA532X4XB00273-A95732B-R34-C32,535.0
423,SA532X4XB00273-A95732B-R35-C07,56.0
424,SA532X4XB00273-A95732B-R35-C06,63.0
425,SA532X4XB00273-A95732B-R35-C03,619.0
426,SA532X4XB00273-A95732B-R35-C09,214.0
427,SA532X4XB00273-A95732B-R35-C08,49.0
428,SA532X4XB00273-A95732B-R24-C61,230.0
429,SA532X4XB00273-A95732B-R24-C60,71.0
430,SA532X4XB00273-A95732B-R24-C63,394.0
431,SA532X4XB00273-A95732B-R24-C62,275.0
432,SA532X4XB00273-A95732B-R24-C65,415.0
433,SA532X4XB00273-A95732B-R24-C67,547.0
434,SA532X4XB00273-A95732B-R24-C66,79.0
435,SA532X4XB00273-A95732B-R24-C69,542.0
436,SA532X4XB00273-A95732B-R39-C66,305.0
437,SA532X4XB00273-A95732B-R39-C64,406.0
438,SA532X4XB00273-A95732B-R39-C63,94.0
439,SA532X4XB00273-A95732B-R39-C62,645.0
440,SA532X4XB00273-A95732B-R39-C61,264.0
441,SA532X4XB00273-A95732B-R39-C17,217.0
442,SA1015-A95732B-R28-C04,102.0
443,SA532X4XB00273-A95732B-R38-C31,48.0
444,SA532X4XB00273-A95732B-R38-C30,13.0
445,SA532X4XB00273-A95732B-R38-C33,195.0
446,SA532X4XB00273-A95732B-R38-C32,263.0
447,SA532X4XB00273-A95732B-R38-C35,440.0
448,SA532X4XB00273-A95732B-R38-C34,136.0
449,SA532X4XB00273-A95732B-R38-C37,631.0
450,SA532X4XB00273-A95732B-R38-C36,623.0
451,SA532X4XB00273-A95732B-R38-C39,632.0
452,SA532X4XB00273-A95732B-R38-C38,289.0
453,SA532X4XB00273-A95732B-R38-C50,53.0
454,SA532X4XB00273-A95732B-R27-C14,237.0
455,SA532X4XB00273-A95732B-R37-C64,127.0
456,SA532X4XB00273-A95732B-R37-C31,240.0
457,SA532X4XB00273-A95732B-R39-C26,210.0
458,SA532X4XB00273-A95732B-R37-C36,297.0
459,SA532X4XB00273-A95732B-R37-C37,248.0
460,SA532X4XB00273-A95732B-R39-C28,509.0
461,SA1015-A95732B-R33-C04,612.0
462,SA532X4XB00273-A95732B-R33-C58,139.0
463,SA532X4XB00273-A95732B-R33-C55,479.0
464,SA532X4XB00273-A95732B-R33-C56,544.0
465,SA532X4XB00273-A95732B-R33-C57,491.0
466,SA532X4XB00273-A95732B-R33-C50,179.0
467,SA532X4XB00273-A95732B-R33-C51,618.0
468,SA532X4XB00273-A95732B-R33-C53,625.0
469,SA532X4XB00273-A95732B-R36-C21,142.0
470,SA532X4XB00273-A95732B-R36-C22,11.0
471,SA532X4XB00273-A95732B-R36-C23,496.0
472,SA532X4XB00273-A95732B-R36-C24,209.0
473,SA532X4XB00273-A95732B-R25-C58,277.0
474,SA532X4XB00273-A95732B-R36-C26,557.0
475,SA532X4XB00273-A95732B-R36-C27,238.0
476,SA532X4XB00273-A95732B-R25-C55,583.0
477,SA532X4XB00273-A95732B-R25-C54,40.0
478,SA532X4XB00273-A95732B-R25-C57,507.0
479,SA532X4XB00273-A95732B-R25-C56,90.0
480,SA532X4XB00273-A95732B-R25-C51,413.0
481,SA532X4XB00273-A95732B-R25-C50,189.0
482,SA532X4XB00273-A95732B-R25-C53,426.0
483,SA532X4XB00273-A95732B-R25-C52,561.0
484,SA532X4XB00273-A95732B-R35-C49,64.0
485,SA532X4XB00273-A95732B-R35-C48,468.0
486,SA532X4XB00273-A95732B-R35-C40,223.0
487,SA532X4XB00273-A95732B-R35-C43,193.0
488,SA532X4XB00273-A95732B-R35-C45,448.0
489,SA532X4XB00273-A95732B-R35-C44,639.0
490,SA532X4XB00273-A95732B-R35-C47,559.0
491,SA532X4XB00273-A95732B-R35-C46,433.0
492,SA1015-A95732B-R35-C04,98.0
493,SA532X4XB00273-A95732B-R28-C03,106.0
494,SA532X4XB00273-A95732B-R34-C70,402.0
495,SA532X4XB00273-A95732B-R28-C06,118.0
496,SA532X4XB00273-A95732B-R36-C14,276.0
497,SA532X4XB00273-A95732B-R28-C09,285.0
498,SA532X4XB00273-A95732B-R28-C08,471.0
499,SA1015-A95732B-R27-C04,99.0
500,SA532X4XB00273-A95732B-R37-C47,466.0
501,SA532X4XB00273-A95732B-R37-C45,428.0
502,SA532X4XB00273-A95732B-R37-C44,594.0
503,SA532X4XB00273-A95732B-R37-C42,436.0
504,SA532X4XB00273-A95732B-R37-C41,592.0
505,SA532X4XB00273-A95732B-R37-C40,47.0
506,SA532X4XB00273-A95732B-R37-C49,458.0
507,SA532X4XB00273-A95732B-R37-C48,392.0
508,SA532X4XB00273-A95732B-R39-C23,249.0
509,SA532X4XB00273-A95732B-R39-C22,0.0
510,SA532X4XB00273-A95732B-R39-C21,191.0
511,SA532X4XB00273-A95732B-R39-C20,290.0
512,SA532X4XB00273-A95732B-R39-C27,424.0
513,SA532X4XB00273-A95732B-R36-C13,37.0
514,SA532X4XB00273-A95732B-R39-C25,51.0
515,SA532X4XB00273-A95732B-R39-C24,425.0
516,SA532X4XB00273-A95732B-R39-C29,351.0
517,SA532X4XB00273-A95732B-R36-C12,67.0
518,SA1015-A95732B-R24-C04,111.0
519,SA532X4XB00273-A95732B-R26-C48,377.0
520,SA532X4XB00273-A95732B-R26-C45,456.0
521,SA532X4XB00273-A95732B-R26-C47,483.0
522,SA532X4XB00273-A95732B-R26-C46,233.0
523,SA532X4XB00273-A95732B-R26-C41,253.0
524,SA532X4XB00273-A95732B-R26-C40,336.0
525,SA532X4XB00273-A95732B-R26-C43,463.0
526,SA532X4XB00273-A95732B-R26-C42,454.0
527,SA532X4XB00273-A95732B-R36-C18,160.0
528,SA532X4XB00273-A95732B-R32-C68,287.0
529,SA532X4XB00273-A95732B-R32-C69,61.0
530,SA532X4XB00273-A95732B-R32-C60,20.0
531,SA532X4XB00273-A95732B-R32-C61,180.0
532,SA532X4XB00273-A95732B-R32-C62,410.0
533,SA532X4XB00273-A95732B-R32-C64,484.0
534,SA532X4XB00273-A95732B-R32-C65,162.0
535,SA532X4XB00273-A95732B-R24-C18,371.0
536,SA532X4XB00273-A95732B-R24-C19,256.0
537,SA532X4XB00273-A95732B-R24-C10,469.0
538,SA532X4XB00273-A95732B-R24-C11,370.0
539,SA532X4XB00273-A95732B-R24-C12,57.0
540,SA532X4XB00273-A95732B-R24-C13,374.0
541,SA532X4XB00273-A95732B-R24-C14,334.0
542,SA532X4XB00273-A95732B-R24-C15,301.0
543,SA532X4XB00273-A95732B-R38-C48,389.0
544,SA532X4XB00273-A95732B-R38-C49,213.0
545,SA928-A95732B-R25-C05,603.0
546,SA532X4XB00273-A95732B-R38-C40,304.0
547,SA532X4XB00273-A95732B-R38-C41,62.0
548,SA532X4XB00273-A95732B-R38-C43,188.0
549,SA532X4XB00273-A95732B-R38-C44,362.0
550,SA532X4XB00273-A95732B-R38-C45,227.0
551,SA532X4XB00273-A95732B-R38-C46,178.0
552,SA532X4XB00273-A95732B-R38-C47,347.0
553,SA532X4XB00273-A95732B-R39-C57,585.0
554,SA532X4XB00273-A95732B-R39-C54,490.0
555,SA532X4XB00273-A95732B-R39-C55,154.0
556,SA532X4XB00273-A95732B-R39-C52,355.0
557,SA532X4XB00273-A95732B-R39-C53,95.0
558,SA532X4XB00273-A95732B-R39-C51,502.0
559,SA532X4XB00273-A95732B-R39-C58,35.0
560,SA532X4XB00273-A95732B-R39-C59,6.0
561,SA532X4XB00273-A95732B-R36-C64,291.0
562,SA532X4XB00273-A95732B-R36-C65,220.0
563,SA532X4XB00273-A95732B-R36-C66,533.0
564,SA532X4XB00273-A95732B-R36-C67,396.0
565,SA532X4XB00273-A95732B-R36-C60,465.0
566,SA532X4XB00273-A95732B-R36-C61,573.0
567,SA532X4XB00273-A95732B-R36-C62,7.0
568,SA532X4XB00273-A95732B-R36-C63,187.0
569,SA532X4XB00273-A95732B-R36-C68,652.0
570,SA532X4XB00273-A95732B-R36-C69,14.0
571,SA532X4XB00273-A95732B-R29-C69,161.0
572,SA928-A95732B-R32-C05,606.0
573,SA532X4XB00273-A95732B-R34-C38,357.0
574,SA532X4XB00273-A95732B-R25-C10,416.0
575,SA532X4XB00273-A95732B-R39-C08,4.0
576,SA532X4XB00273-A95732B-R25-C12,408.0
577,SA532X4XB00273-A95732B-R25-C15,329.0
578,SA532X4XB00273-A95732B-R25-C14,412.0
579,SA532X4XB00273-A95732B-R25-C17,198.0
580,SA532X4XB00273-A95732B-R25-C19,596.0
581,SA532X4XB00273-A95732B-R25-C18,382.0
582,SA928-A95732B-R37-C05,604.0
583,SA532X4XB00273-A95732B-R27-C39,282.0
584,SA532X4XB00273-A95732B-R33-C06,616.0
585,SA532X4XB00273-A95732B-R37-C09,317.0
586,SA532X4XB00273-A95732B-R37-C08,28.0
587,SA532X4XB00273-A95732B-R33-C03,607.0
588,SA532X4XB00273-A95732B-R27-C31,330.0
589,SA532X4XB00273-A95732B-R27-C30,123.0
590,SA532X4XB00273-A95732B-R27-C32,119.0
591,SA532X4XB00273-A95732B-R27-C35,246.0
592,SA532X4XB00273-A95732B-R27-C34,75.0
593,SA532X4XB00273-A95732B-R27-C36,134.0
594,SA532X4XB00273-A95732B-R35-C64,562.0
595,SA532X4XB00273-A95732B-R39-C45,128.0
596,SA532X4XB00273-A95732B-R34-C62,17.0
597,SA532X4XB00273-A95732B-R32-C28,212.0
598,SA532X4XB00273-A95732B-R32-C29,584.0
599,SA532X4XB00273-A95732B-R32-C24,126.0
600,SA532X4XB00273-A95732B-R32-C25,184.0
601,SA532X4XB00273-A95732B-R32-C23,131.0
602,SA532X4XB00273-A95732B-R26-C03,602.0
603,SA532X4XB00273-A95732B-R26-C06,617.0
604,SA532X4XB00273-A95732B-R26-C08,548.0
605,SA532X4XB00273-A95732B-R34-C67,558.0
606,SA532X4XB00273-A95732B-R34-C08,366.0
607,SA532X4XB00273-A95732B-R34-C09,644.0
608,SA532X4XB00273-A95732B-R28-C38,104.0
609,SA532X4XB00273-A95732B-R28-C39,385.0
610,SA532X4XB00273-A95732B-R34-C03,620.0
611,SA532X4XB00273-A95732B-R28-C36,577.0
612,SA532X4XB00273-A95732B-R28-C37,311.0
613,SA532X4XB00273-A95732B-R34-C06,27.0
614,SA532X4XB00273-A95732B-R34-C07,472.0
615,SA532X4XB00273-A95732B-R35-C30,401.0
616,SA532X4XB00273-A95732B-R35-C31,589.0
617,SA532X4XB00273-A95732B-R35-C32,190.0
618,SA532X4XB00273-A95732B-R35-C33,165.0
619,SA532X4XB00273-A95732B-R35-C34,590.0
620,SA532X4XB00273-A95732B-R35-C35,508.0
621,SA532X4XB00273-A95732B-R35-C36,373.0
622,SA532X4XB00273-A95732B-R35-C38,279.0
623,SA532X4XB00273-A95732B-R35-C39,400.0
624,SA532X4XB00273-A95732B-R37-C70,163.0
625,SA532X4XB00273-A95732B-R30-C06,100.0
626,SA532X4XB00273-A95732B-R39-C19,312.0
627,SA532X4XB00273-A95732B-R30-C03,610.0
628,SA532X4XB00273-A95732B-R39-C12,36.0
629,SA532X4XB00273-A95732B-R39-C10,554.0
630,SA532X4XB00273-A95732B-R39-C11,270.0
631,SA532X4XB00273-A95732B-R39-C16,511.0
632,SA532X4XB00273-A95732B-R27-C06,117.0
633,SA532X4XB00273-A95732B-R39-C14,325.0
634,SA532X4XB00273-A95732B-R39-C15,595.0
635,SA532X4XB00273-A95732B-R24-C58,467.0
636,SA532X4XB00273-A95732B-R24-C59,176.0
637,SA532X4XB00273-A95732B-R24-C54,286.0
638,SA532X4XB00273-A95732B-R24-C55,192.0
639,SA532X4XB00273-A95732B-R24-C57,59.0
640,SA532X4XB00273-A95732B-R24-C50,260.0
641,SA532X4XB00273-A95732B-R24-C52,569.0
642,SA532X4XB00273-A95732B-R24-C53,140.0
643,SA532X4XB00273-A95732B-R39-C69,236.0
644,SA532X4XB00273-A95732B-R39-C68,391.0
645,SA532X4XB00273-A95732B-R39-C67,91.0
646,SA532X4XB00273-A95732B-R38-C08,494.0
647,SA532X4XB00273-A95732B-R38-C09,320.0
648,SA532X4XB00273-A95732B-R28-C13,76.0
649,SA532X4XB00273-A95732B-R38-C06,634.0
650,SA532X4XB00273-A95732B-R38-C07,55.0
651,SA532X4XB00273-A95732B-R38-C03,621.0
652,SA532X4XB00273-A95732B-R29-C03,97.0
653,SA532X4XB00273-A95732B-R39-C60,473.0
654,SA1015-A95732B-R34-C04,107.0
